listing_id,total_reviews,avg_rating
3571,9,4.5
3686,81,4.63
3943,443,4.82
4197,47,4.84
4373,24,4.9
4375,40,4.81
4967,31,4.74
5589,95,4.54
6165,22,4.94
11785,413,4.59
12442,115,4.61
13744,32,4.87
14218,101,4.6
17131,105,4.65
24712,157,4.27
26147,9,4.5
27281,15,4.77
27682,11,5
32087,15,4.85
34360,30,4.83
52092,196,4.35
62122,111,4.85
65012,15,4.5
67483,161,4.5
78264,42,4.69
79866,10,4.89
79867,10,4.9
93551,102,4.74
116951,82,4.67
153545,38,4.63
155859,130,4.87
158714,32,4.93
164069,198,4.85
174808,50,4.92
175608,186,4.31
196429,7,4.2
198685,153,4.73
201116,220,4.49
204741,116,4.59
205809,31,4.67
223203,11,4.7
223922,165,4.71
251611,1,5
251615,6,4.83
251619,9,4.22
262629,39,4.87
290001,147,4.83
298346,13,4.92
299030,26,4.86
303723,173,4.78
313405,14,4.69
322611,1,0
326938,25,4.8
339208,137,4.72
355527,149,4.78
382111,260,4.8
398284,94,4.77
409582,551,4.87
437005,105,4.85
453159,331,4.91
453315,875,4.88
494144,20,4.95
501809,32,4.91
542144,30,4.9
560341,22,4.72
563607,70,4.8
583236,23,4.81
610655,155,4.59
627758,12,4.58
638604,6,3.67
645298,11,5
654835,14,4.62
660514,6,4.2
688914,6,5
713529,605,4.31
723716,16,4.31
748316,696,4.87
763569,18,4.82
794213,268,4.6
800076,206,4.79
808830,379,4.89
815855,160,4.23
823194,13,4.77
828497,92,4.88
834919,18,4.94
841234,17,4.29
841260,14,4.43
842418,69,4.78
860336,464,4.73
860776,18,4.5
861775,22,4.82
871825,18,4.83
873182,43,4.57
883653,34,4.91
886283,54,4.64
887402,68,4.69
887461,16,4.44
888029,14,4.42
889302,121,4.74
892183,210,4.61
893529,1,0
898543,166,4.91
898544,127,4.91
900225,41,4.72
902573,23,4.74
902597,21,4.37
945426,378,4.96
997859,93,4.84
1002548,100,4.87
1003792,56,4.44
1018346,200,4.93
1026034,389,4.94
1048410,50,4.74
1083336,324,4.84
1092713,402,4.58
1112617,185,4.8
1116453,11,4.55
1126839,61,4.93
1138235,18,4.73
1174482,47,4.85
1177438,255,4.76
1205516,350,4.48
1225965,15,4.43
1245292,348,4.91
1270729,24,4.87
1273717,13,4.82
1280092,117,4.76
1294389,38,4.63
1340402,15,4.87
1396350,69,4.9
1407284,30,4.43
1416138,267,4.77
1446230,21,4.7
1449453,25,4.23
1472332,78,4.88
1484387,16,4.69
1488282,463,4.74
1520425,48,4.77
1537822,138,4.88
1561287,65,4.8
1571112,132,4.94
1613892,316,4.78
1628187,43,4.93
1628328,402,4.92
1641184,72,4.89
1644701,14,4.77
1667080,248,4.91
1688139,21,4.37
1688972,28,4.93
1761677,90,4.93
1778080,66,4.46
1789722,393,4.89
1806338,81,4.86
1813962,23,4.73
1824864,94,4.88
1838623,13,4.92
1841397,18,4.78
1860120,165,4.92
1864715,15,4.93
1865861,14,4.91
1867513,26,4.76
1880860,137,4.35
1896951,127,4.84
1901631,182,4.91
1936134,230,4.93
1971051,45,4.96
1978626,139,4.94
1997483,26,4.85
2033421,80,4.7
2060129,25,4.88
2089771,35,4.18
2097166,96,4.77
2098615,131,4.85
2111965,15,4.87
2115421,9,4.67
2137730,9,4.78
2141766,369,4.7
2187594,138,4.99
2241084,97,4.9
2241400,64,4.85
2257433,58,4.6
2257488,143,4.4
2259215,164,4.4
2277705,313,4.87
2304761,10,4.78
2308259,112,4.74
2308761,129,4.72
2310297,109,4.84
2318183,41,4.88
2318847,57,4.98
2337016,58,4.79
2343987,397,4.76
2351587,344,4.79
2361802,317,4.89
2365726,90,4.91
2371799,14,4.79
2380536,124,4.93
2410486,54,4.91
2413770,19,4.74
2419118,43,4.98
2420125,37,4.56
2466942,54,4.94
2468252,19,4.79
2476761,69,4.91
2477325,268,4.47
2477330,276,4.48
2479145,2,4
2483191,27,4.78
2501387,5,4.4
2501531,6,5
2516656,172,4.94
2523708,145,4.73
2538828,121,4.88
2543133,23,4.61
2547672,18,4.89
2551952,132,4.94
2648779,18,4.89
2657916,28,4.56
2685655,52,4.76
2694647,389,4.72
2788668,1,5
2791050,547,4.94
2874685,47,4.41
2897706,186,4.85
2919216,63,4.68
2964999,17,4.71
3011894,13,4.92
3051210,42,4.83
3103276,543,4.89
3119991,44,4.68
3136813,236,4.74
3175218,263,4.95
3199232,40,4.93
3201115,328,4.6
3317645,523,4.91
3391816,92,4.93
3410285,1,5
3544432,29,4.68
3601131,111,4.82
3604624,95,4.54
3627430,354,4.56
3633359,275,4.98
3635540,144,4.9
3645740,11,4.8
3651862,244,4.87
3698666,2,5
3760995,14,4
3761001,13,4.25
3789313,60,4.6
3806145,104,4.93
3810218,228,4.9
3821950,9,4.67
3822015,5,2.8
3822053,21,4.67
3822134,2,3.5
3851703,21,4.95
3861766,165,4.92
3897112,79,4.96
3898306,92,4.73
3907276,50,4.88
3911834,19,4.78
3912498,22,4.73
3914048,9,4.71
3964658,595,4.91
3996453,19,4.58
3996972,37,4.92
3997598,87,4.78
4024085,22,4.64
4025236,27,4.78
4025438,18,4.94
4033904,18,4.89
4054129,24,4.83
4055607,422,4.9
4055742,3,4
4083095,354,4.92
4085972,126,4.41
4092017,3,4.67
4190758,53,4.91
4204367,232,4.55
4231934,428,4.52
4244705,342,4.84
4278590,52,4.94
4284144,486,4.74
4286181,20,4.9
4301665,393,4.85
4325533,182,4.82
4341319,25,4.88
4359352,44,4.88
4408378,372,4.88
4417414,1,5
4420920,232,4.86
4427874,168,4.55
4438013,34,4.76
4447266,10,4.9
4468741,1,5
4484586,9,4.5
4535738,98,4.8
4545885,738,4.63
4552932,324,4.95
4565447,155,4.85
4567511,62,4.88
4574014,26,5
4579903,65,4.77
4580159,30,4.97
4604357,318,4.85
4605036,40,4.93
4616068,201,4.73
4622571,48,4.91
4634946,302,4.86
4635196,15,4.5
4645378,236,4.97
4708026,23,4.23
4758676,35,4.74
4764483,111,4.75
4767589,74,4.95
4789751,103,4.55
4801046,479,4.93
4841217,7,5
4848799,90,4.88
4860800,4,3
4881590,124,4.6
4887569,70,4.66
4922023,419,4.91
4924193,17,5
4928685,22,4.95
4943572,24,4.88
4948442,26,4.88
4954600,42,4.6
4978586,58,4.79
4978657,31,4.94
5003334,43,4.71
5009416,28,4.79
5012334,39,4.95
5014903,59,4.85
5015395,5,5
5018679,127,4.83
5026926,35,4.91
5030765,55,4.89
5030785,77,4.88
5051005,85,4.93
5066458,48,4.74
5075773,412,4.83
5076606,50,4.5
5082818,138,4.7
5089725,123,4.85
5111311,130,4.79
5132940,494,4.86
5140121,184,4.88
5145487,61,4.3
5154288,107,4.57
5156582,276,4.78
5166322,356,4.88
5195346,82,4.7
5239084,67,4.84
5262416,286,4.97
5278479,405,4.7
5318112,135,4.88
5354872,107,4.93
5372128,53,4.47
5405384,8,5
5405966,222,4.84
5560185,374,4.94
5565601,181,4.95
5592949,285,4.86
5593096,245,4.75
5660850,35,4.97
5661282,85,4.85
5692505,11,4.91
5725123,2,5
5755232,576,4.93
5780038,544,4.92
5790254,77,4.99
5825904,333,4.63
5834173,76,4.95
5847593,233,4.82
5862637,227,4.84
5903980,90,4.98
5930511,21,4.76
5955389,30,4.52
5970323,44,4.95
5977808,43,4.91
5985721,9,5
5986989,61,4.8
6004138,1,5
6014446,72,4.74
6014997,71,4.62
6027248,57,4.4
6047219,10,5
6047348,1,5
6049863,196,4.66
6066863,405,4.5
6072414,12,5
6091385,183,4.82
6103261,36,4.74
6118082,120,4.86
6120408,184,4.96
6133291,1,5
6133914,134,5
6155371,3,5
6157551,217,4.48
6176950,8,4.75
6227307,86,4.93
6247860,276,4.56
6275662,122,4.72
6314741,98,4.81
6327064,9,4.75
6331663,47,4.43
6333552,19,5
6334405,79,4.89
6355197,22,4.65
6374588,37,4.44
6389428,52,4.94
6404202,88,4.86
6424291,44,4.67
6425936,52,4.63
6431931,65,4.76
6438519,136,4.88
6447693,42,4.53
6479337,77,4.58
6490357,10,5
6516520,51,4.96
6557100,11,4.36
6569449,35,4.89
6572046,10,5
6590621,1,5
6598691,11,4.82
6612371,23,4.78
6614452,20,4.6
6614542,25,4.6
6620069,20,4.45
6627551,2,0
6645171,157,4.54
6673274,49,4.92
6674537,1,4
6690084,1,4
6717232,30,4.64
6746916,141,4.83
6759550,174,4.83
6832557,329,4.87
6835726,36,4.91
6836332,135,4.62
6881428,438,4.9
6881600,621,4.85
6923607,530,4.82
6956685,104,4.9
6969950,17,4.41
6971226,25,4.92
7020322,296,4.81
7038870,45,4.73
7060166,111,4.97
7076206,63,4.71
7090899,151,4.83
7109996,3,5
7181782,404,4.52
7198161,5,4
7220755,95,4.53
7245977,106,4.78
7259793,34,4.88
7290056,208,4.76
7319641,62,4.77
7384867,83,4.82
7385563,69,4.76
7387956,31,4.97
7429332,6,4.5
7438473,15,4.87
7452083,70,4.96
7542054,1,5
7547751,3,5
7559867,378,4.93
7599680,39,4.53
7599768,19,4.84
7626430,22,4.95
7629788,2,3.5
7660850,55,4.87
7677038,116,4.91
7677423,174,4.78
7714870,413,4.43
7714880,414,4.31
7725828,18,4.44
7733108,54,4.41
7733964,120,4.26
7744854,343,4.78
7800582,177,4.79
7801335,230,4.75
7826994,332,4.67
7930288,52,4.88
7931456,2,4
7952701,394,4.92
7968494,32,4.84
7982044,13,4.77
7990478,370,4.91
7997888,23,4.87
8072054,22,4.41
8078444,28,5
8118612,54,4.91
8125413,3,4.67
8165340,27,4.7
8190920,110,4.87
8206306,67,4.46
8266937,48,4.94
8267344,77,4.79
8292724,8,4.88
8300958,43,4.56
8301945,28,4.37
8339618,31,4.97
8353034,604,4.91
8362811,1,5
8363399,305,4.82
8372234,3,5
8381345,2,5
8384689,54,4.61
8397296,298,4.72
8404345,25,4.64
8409891,106,4.83
8419348,36,4.5
8424836,12,4.42
8440178,188,4.61
8468336,11,4.64
8479494,50,4.9
8488518,42,4.79
8550351,141,4.96
8565538,167,4.83
8568746,34,5
8581470,99,4.66
8606256,10,4.89
8608311,228,4.93
8616083,38,4.89
8645356,185,4.82
8645554,198,4.81
8645700,211,4.73
8646332,64,4.88
8646530,145,4.85
8682987,21,4.3
8710450,61,5
8737926,368,4.68
8741535,44,4.82
8796084,128,4.79
8809662,278,4.75
8811756,6,5
8830876,8,5
8839284,5,5
8865233,1,0
8897159,55,4.8
8902602,109,4.94
8933705,64,4.62
8964989,216,4.8
8965848,220,4.87
8967165,143,4.73
9012148,53,4.55
9028780,107,4.87
9094563,160,4.97
9113304,92,4.87
9116972,301,4.54
9138022,412,4.75
9156290,491,4.75
9168908,115,4.95
9171118,217,4.92
9177409,233,4.91
9199346,95,4.61
9215039,115,4.9
9282899,157,4.74
9283035,125,4.85
9318555,79,4.57
9329121,69,4.77
9363284,158,4.84
9371337,77,4.78
9410545,1,5
9428134,37,4.7
9430567,58,4.74
9473056,18,4.94
9489305,16,4.81
9496542,19,4.93
9551164,54,4.66
9576995,13,4.92
9586160,259,4.82
9596736,67,4.31
9624481,97,4.84
9644823,149,4.72
9674217,2,4.5
9694072,5,4.6
9697108,3,4.33
9704912,19,4.94
9727618,1,5
9732220,201,4.93
9788818,2,0
9789180,31,4.87
9807973,1,5
9854986,438,4.9
9855531,238,4.8
9855547,291,4.73
9902178,2,4
9907100,60,4.77
9920493,26,4.33
9954831,14,4.43
9972284,52,4.98
9973170,216,4.96
9975625,38,4.95
9993065,1,5
10021464,10,4.9
10021714,63,4.83
10021958,10,4.3
10033854,1,4
10059402,11,4.91
10059646,6,4.83
10066573,79,4.89
10082572,125,4.74
10097934,270,4.75
10104715,33,4.82
10120462,126,4.78
10173162,136,4.9
10249187,2,5
10311634,51,4.8
10343356,51,4.96
10368464,44,4.91
10384001,166,4.76
10403348,304,4.86
10405545,67,4.91
10407841,39,4.97
10408566,146,4.92
10418749,20,5
10429628,13,4.92
10436526,270,4.89
10453467,66,4.97
10477909,54,4.91
10526371,443,4.96
10542403,248,4.97
10543751,55,4.96
10543985,54,4.76
10544363,60,4.83
10550732,168,4.84
10551108,126,4.92
10560532,1,5
10575202,7,4.43
10594167,156,4.87
10617103,165,4.85
10626368,351,4.87
10636648,2,3.5
10651132,40,4.82
10659762,121,4.78
10660007,9,4.22
10685388,127,4.8
10694497,97,4.81
10733608,9,4
10787059,419,4.9
10788926,132,4.91
10790909,72,4.76
10792080,92,4.95
10875641,63,4.67
10880153,90,4.86
10923786,225,4.99
10948027,215,4.53
10978189,193,4.97
10999657,154,4.85
11031641,285,4.91
11036034,7,4.67
11087176,57,4.6
11105778,62,4.89
11126528,282,4.98
11144448,164,4.86
11168876,134,4.87
11176974,439,4.83
11183754,260,4.95
11184153,27,5
11241307,545,4.74
11296745,15,4.67
11299890,54,4.83
11317188,303,4.82
11357292,46,4.64
11371592,55,4.87
11413391,115,4.56
11417936,13,4.69
11436980,480,4.77
11513680,193,4.94
11514239,260,4.77
11528631,457,4.7
11529762,477,4.8
11530845,464,4.74
11544564,12,4.55
11553508,25,4.76
11553692,96,4.95
11555687,143,4.86
11566779,280,4.82
11592639,100,4.53
11599968,304,4.79
11604073,31,4.84
11637325,117,4.83
11639515,358,4.75
11689750,64,4.94
11692311,23,4.74
11714338,52,4.9
11720627,316,4.79
11721962,244,4.95
11759609,35,4.94
11767916,146,4.82
11797378,26,4.92
11809415,70,4.93
11838693,372,4.89
11851356,20,5
11865642,167,4.87
11866275,296,4.79
11866513,77,4.99
11868093,328,4.8
11868625,323,4.8
11888245,296,4.77
11946738,17,4.19
11970099,27,4.96
11970434,181,4.59
11982553,22,5
12035781,7,5
12055525,43,4.79
12088417,46,4.86
12107868,3,4
12113216,73,4.81
12152132,51,4.78
12152164,1,5
12158471,1,5
12173928,163,4.27
12174879,11,4.64
12183872,5,5
12193565,58,4.81
12202079,223,4.97
12219364,14,4.77
12223526,35,4.94
12243205,234,4.91
12253009,431,4.93
12289125,81,4.67
12314626,255,4.81
12324845,15,4.8
12362098,110,4.91
12399984,49,4.84
12400338,45,4.58
12421372,124,4.94
12423375,285,4.96
12431578,11,4.6
12433404,1,0
12446479,3,3.33
12488997,4,5
12494558,57,4.96
12513824,26,4.81
12532661,11,4.8
12535607,70,4.99
12543010,6,5
12579823,3,5
12581800,10,5
12600421,27,5
12603290,76,4.93
12623775,123,4.85
12623839,77,4.82
12634006,11,4.91
12643387,12,5
12646701,230,4.83
12650953,8,5
12656977,6,5
12678029,1,5
12758931,79,5
12784285,156,4.9
12792233,110,4.96
12794738,369,4.93
12833258,106,4.88
12850682,11,5
12851881,35,5
12864169,71,4.93
12865283,382,4.88
12866552,9,4.67
12866878,28,4.89
12869982,3,4.5
12885229,90,4.84
12886507,114,4.96
12902944,1,4
12916338,177,4.77
12926545,155,4.94
12927810,11,4.27
12935921,21,4.95
12948696,5,4.8
12973607,109,4.98
13001509,24,4.38
13005087,248,4.66
13030607,1,5
13038149,172,4.84
13078902,46,4.89
13082269,114,4.79
13096118,78,4.73
13096614,38,4.89
13108950,11,4.55
13112085,466,4.73
13112324,3,4.67
13133987,107,4.77
13138525,1,5
13153398,1,3
13175413,36,4.97
13199320,17,4.82
13199849,500,4.78
13207086,93,4.91
13208131,112,4.61
13210656,25,4.83
13247788,149,4.99
13280319,203,4.79
13313002,292,4.94
13316914,34,4.5
13330903,4,4.67
13342086,2,0
13390535,17,4.29
13410561,68,4.99
13417691,198,4.92
13487361,9,5
13491888,190,4.86
13492207,173,4.73
13494833,27,4.85
13501642,42,4.93
13513245,6,5
13524358,56,4.73
13527196,48,4.96
13529372,72,4.86
13530889,7,5
13542720,5,5
13570789,24,5
13577736,16,4.94
13577810,7,4.14
13578244,423,4.93
13578526,7,4.14
13616522,142,4.84
13618435,1,5
13620848,45,4.89
13622959,263,4.85
13623770,9,4.38
13635817,250,4.92
13641373,82,4.99
13649140,4,4.75
13683939,33,4.94
13685445,111,4.88
13697918,6,4
13698365,23,4.61
13727764,390,4.69
13748008,106,4.8
13764058,20,4.85
13802298,15,4.86
13802779,361,4.91
13809783,44,5
13894976,30,4.97
13913413,1,4
13913758,58,4.9
13926632,158,4.72
13941732,31,4.94
13959404,1,0
13967117,41,4.73
13992113,71,4.59
13995983,20,4.74
14027788,12,5
14073773,4,4.33
14083967,3,5
14086586,244,4.95
14101888,308,4.89
14108883,6,4.67
14117917,122,4.75
14148096,2,5
14184210,2,5
14201057,32,4.77
14236545,158,4.4
14236884,151,4.42
14239874,207,4.58
14258587,102,4.82
14264684,25,4.79
14312770,39,5
14322493,162,4.6
14331755,16,4.86
14333797,40,4.8
14341370,176,4.98
14353375,526,4.71
14357248,144,4.95
14360838,6,4.83
14374409,156,4.95
14421376,2,5
14426673,37,4.84
14426998,31,4.8
14444701,19,4.94
14446252,23,4.81
14447623,24,4.96
14501592,379,4.85
14506047,124,4.73
14520972,69,4.62
14548071,2,4
14555537,160,4.93
14563049,9,4.75
14590973,90,4.55
14594639,31,4.74
14600054,45,4.58
14629317,350,4.88
14660503,24,4.83
14669337,17,4.94
14685847,205,4.91
14694714,17,4.94
14744997,32,4.83
14748391,53,5
14760734,33,4.42
14767042,1,0
14805243,337,4.91
14865465,239,4.77
14886854,51,4.96
14890121,102,4.97
14899604,16,4.67
14912655,152,5
14913168,189,4.84
14918834,1,5
14944917,270,4.88
14979902,33,4.73
14981562,14,4.45
14982432,14,4.79
15007795,13,4.82
15014312,487,4.8
15058397,46,4.98
15060731,57,4.91
15063053,102,4.98
15080581,209,4.98
15081446,92,4.54
15092261,59,4.95
15093819,7,4.86
15115566,20,4.9
15124278,25,4.76
15132389,6,4.83
15143237,254,4.86
15155205,1,5
15165917,128,4.37
15171376,261,4.9
15176149,3,5
15194332,230,4.73
15195673,157,4.9
15205271,290,4.91
15206984,59,4.49
15209243,154,4.67
15217220,3,0
15218873,186,4.95
15238910,88,4.53
15239074,174,4.87
15248451,42,5
15248566,5,5
15251965,1,5
15252636,3,3.33
15253221,4,4.5
15264519,5,4.4
15284961,20,4.75
15288203,76,4.96
15313139,25,4.92
15326344,102,4.71
15328533,86,4.91
15336949,10,5
15343221,209,4.82
15343995,160,4.85
15345702,5,4.8
15354249,112,4.96
15357947,4,5
15369535,24,4.67
15373088,728,4.91
15397701,163,4.82
15404328,140,4.52
15408045,234,4.96
15419112,195,4.91
15419652,2,5
15420562,67,4.73
15421820,145,4.81
15422186,26,4.8
15451584,2,5
15483564,49,4.96
15484350,26,4.76
15494076,1,5
15499002,1,5
15522091,205,4.9
15522419,249,4.9
15523073,163,4.93
15552175,26,4.96
15558485,279,4.95
15564599,478,4.82
15604857,111,4.86
15605124,57,4.82
15610482,96,4.48
15615256,4,4.75
15618501,13,4.77
15620627,465,4.98
15624823,4,4.5
15646617,1,0
15655208,31,4.81
15658197,123,4.71
15665231,112,4.93
15701093,17,4.94
15720606,155,4.91
15734466,269,4.68
15740602,11,5
15743578,4,5
15744305,18,5
15752720,17,5
15772089,10,4.7
15790449,140,4.96
15802301,1,5
15805076,43,4.83
15806545,26,4.88
15808888,318,4.9
15817486,55,4.7
15820983,127,4.99
15843220,61,4.84
15844475,59,4.58
15899330,90,4.81
15911315,19,4.84
15914701,94,4.3
15928247,226,4.82
15935211,33,4.78
15937364,89,4.92
15938415,112,4.86
15940738,2,5
15941219,11,4.91
15958616,231,4.71
15962871,268,4.96
15963788,225,4.93
15966383,7,4.57
15967879,343,4.86
15972360,183,4.79
15980497,73,4.88
15981013,86,4.9
15985071,212,4.87
15988991,13,4.92
15998418,15,4.93
15999394,25,4.96
16002068,1,5
16013376,8,4.88
16014460,5,4.75
16016813,3,5
16018100,51,4.8
16019820,10,5
16040704,52,4.76
16052295,38,4.97
16054632,3,4.33
16131739,105,4.91
16140977,262,4.73
16142893,72,4.86
16148686,26,4.96
16157784,66,4.91
16162225,45,5
16164463,7,4.83
16174330,10,4.8
16174851,14,4.79
16178596,6,4.83
16179637,45,4.91
16199286,12,5
16200955,219,4.83
16202179,12,4.83
16204388,15,4.87
16204459,1,5
16206381,40,4.95
16215950,121,4.79
16218083,5,4.2
16229826,2,5
16239379,1,5
16242339,1,5
16256111,150,4.86
16257743,538,4.81
16273179,39,4.79
16284799,94,5
16284824,426,4.93
16284856,238,4.97
16285321,94,4.95
16285366,4,4.75
16285598,4,5
16285755,3,4.67
16286156,7,4.71
16286331,6,4.5
16294829,71,4.91
16296814,156,4.97
16300909,15,4.85
16309028,15,4.64
16309873,12,4.67
16312601,161,4.95
16323750,13,5
16331827,2,5
16332139,9,5
16334557,202,4.83
16335709,71,4.75
16343000,1,5
16343789,82,4.67
16344337,3,4.33
16348636,111,4.94
16352310,6,5
16353039,1,5
16359763,20,4.65
16361327,14,4.5
16376614,10,4.56
16379151,2,4.5
16380562,431,4.92
16381317,464,4.93
16382509,313,4.86
16395494,84,4.93
16405079,335,4.71
16412264,85,4.93
16413061,96,4.99
16413243,3,5
16415014,25,4.96
16415389,17,4.71
16423741,9,4.25
16427431,1,0
16427522,341,4.92
16434871,36,4.86
16441567,75,4.83
16448459,20,4.95
16453579,1,5
16453909,44,4.95
16454685,353,4.94
16462028,149,4.8
16467073,177,4.85
16469368,258,4.85
16476556,44,4.64
16487154,2,5
16487475,390,4.82
16490471,5,5
16497765,167,4.82
16512132,396,4.96
16514018,157,4.91
16515949,80,4.94
16518770,90,4.93
16521785,205,4.63
16525202,34,5
16528623,45,4.93
16530141,10,4.89
16541090,5,5
16544141,218,4.82
16544641,7,4
16545176,6,5
16545332,16,4.81
16555755,4,5
16557144,2,5
16576444,1,5
16583485,3,5
16589585,295,4.89
16593929,205,4.58
16600553,5,4.8
16602138,88,4.69
16605239,108,4.85
16613766,6,4.83
16620442,36,4.94
16628982,1,5
16629472,378,4.84
16630937,137,4.56
16633159,1,5
16634181,142,4.76
16635517,145,4.97
16650454,160,4.59
16651819,9,3.75
16664148,10,4.8
16673346,1,5
16675897,199,4.85
16676204,30,4.9
16678182,53,5
16684913,256,4.92
16684937,8,5
16685950,248,4.76
16688529,8,4.88
16691141,6,4.67
16693813,15,5
16701782,153,4.88
16703018,12,4.5
16704758,37,4.73
16710435,182,4.96
16716427,322,4.94
16732639,76,4.99
16738134,171,4.99
16741874,139,4.78
16753438,143,4.92
16755291,104,4.98
16757351,28,4.82
16764417,110,4.62
16767868,38,4.89
16776926,11,4.91
16781108,25,4.96
16789250,30,4.5
16795499,47,5
16798447,12,4.17
16806562,1,5
16808703,429,4.91
16811541,28,5
16811770,94,4.95
16815528,99,4.99
16821423,105,4.87
16825256,95,4.76
16828556,6,4.8
16829087,102,4.96
16830342,103,4.9
16830544,21,4.89
16832746,16,4.67
16839227,19,4.95
16853088,186,4.46
16864365,10,4.78
16869795,45,4.98
16874804,34,4.68
16882568,398,4.98
16885819,6,5
16910466,357,4.76
16928186,2,5
16959752,4,5
16973661,158,4.96
16985729,10,4.8
16999869,7,5
17004838,4,4
17007485,7,5
17025961,9,4.67
17037978,97,4.82
17038720,69,4.46
17044362,202,4.98
17075061,183,4.8
17078088,274,4.82
17089486,86,4.88
17116424,48,4.83
17131099,64,4.73
17133266,2,5
17141233,537,4.81
17142042,58,4.86
17155824,108,4.75
17171614,166,4.57
17172606,69,4.57
17172878,60,4.65
17210375,294,4.89
17229275,6,5
17231793,476,4.94
17234433,169,4.68
17240994,3,5
17248804,97,4.37
17270036,130,4.92
17343156,57,4.86
17367416,21,4.9
17386536,256,4.91
17387565,40,4.7
17419427,52,4.77
17461004,6,4.83
17464583,9,4.71
17480877,3,5
17495091,34,4.79
17509422,2,4.5
17509770,23,4.91
17558492,206,4.48
17566027,35,4.85
17588084,64,4.59
17589398,73,4.85
17601148,2,5
17619774,29,4.62
17620157,104,4.53
17620806,72,4.35
17638871,42,4.93
17639543,134,4.78
17640610,23,5
17650262,60,4.93
17655720,36,4.47
17657537,46,4.3
17662150,108,4.84
17683880,60,4.57
17695736,60,4.65
17700270,270,4.77
17723426,3,5
17744570,261,4.78
17748684,79,4.95
17761010,45,4.91
17784595,225,4.96
17787277,120,4.82
17795487,51,4.59
17801044,26,4.81
17802334,48,4.96
17803183,32,4.84
17823178,45,4.62
17830430,118,4.54
17840858,178,4.97
17845244,25,4.92
17846412,64,4.92
17858987,5,5
17876945,98,4.66
17908474,116,4.64
17910772,374,4.81
17926693,54,4.96
17928566,52,4.54
17943771,16,4.63
17944042,286,4.99
17944480,34,4.41
17944757,22,4.09
17950707,87,4.77
17956698,174,4.93
17959615,271,4.62
17964221,218,4.74
17964535,254,4.79
17979497,403,4.85
17980645,202,4.84
17992341,69,4.86
18023259,419,4.76
18025636,86,4.98
18033145,169,4.69
18033653,160,4.88
18042619,48,4.94
18076615,86,4.99
18085124,75,4.86
18093802,101,4.87
18096306,208,4.88
18105893,81,4.88
18109324,17,4.81
18123048,140,4.79
18142381,146,4.53
18172755,24,4.79
18221455,87,4.89
18240442,73,4.61
18254306,35,4.43
18254897,144,4.86
18255984,41,4.83
18265537,26,4.85
18269812,63,4.95
18273515,235,4.49
18281120,136,4.89
18288362,349,4.77
18302761,194,4.84
18303467,37,4.54
18313133,127,4.8
18313435,92,4.73
18328986,1,0
18330823,289,4.69
18343787,4,5
18346849,8,5
18347212,15,4.73
18370655,55,4.67
18375992,185,4.88
18376901,75,4.57
18387961,24,4.43
18395089,186,4.93
18408563,3,5
18409075,151,4.9
18422244,5,3.2
18430302,91,4.87
18432474,4,5
18433862,77,4.7
18464067,136,4.88
18471909,208,4.83
18490163,27,4.37
18504338,146,4.97
18509858,106,4.62
18540749,75,4.64
18541897,77,4.65
18544136,62,4.67
18547083,157,4.71
18550089,1,0
18566562,156,4.81
18569197,14,5
18588325,99,4.66
18598439,330,4.78
18633212,4,5
18636769,24,4.83
18669853,81,4.75
18671463,72,4.68
18689667,528,4.89
18691537,77,4.55
18715548,21,4.9
18734756,394,4.91
18746031,274,4.95
18755044,13,5
18757058,181,4.85
18766546,94,4.7
18778039,38,4.71
18793592,281,4.86
18794709,56,4.8
18826674,93,4.78
18833579,34,4.85
18853536,273,4.86
18854142,39,4.87
18868200,2,5
18872794,6,4.5
18877636,12,4.75
18895758,10,4.4
18896504,11,4.73
18913122,179,4.8
18914687,162,4.64
18915056,139,4.77
18946919,195,4.95
18949151,406,4.79
18964858,76,4.55
18975927,7,4.71
19011416,353,4.97
19018633,13,4.92
19025023,104,4.9
19038120,31,4.84
19038305,108,5
19056913,54,4.76
19070844,128,4.8
19074623,114,4.81
19082321,44,4.98
19093209,82,4.48
19115559,60,4.87
19121191,1,0
19142630,415,4.81
19143583,9,4.89
19154251,74,4.92
19178372,82,4.95
19180793,9,4.44
19181932,138,4.83
19190869,106,4.57
19205234,84,4.8
19207688,312,4.76
19231140,30,4.83
19266872,13,4.46
19292454,2,4.5
19295997,65,4.82
19308865,4,4.5
19311563,54,4.85
19315537,8,5
19315567,6,4.83
19329377,83,4.47
19347077,221,4.82
19373525,82,4.77
19381762,314,4.91
19388218,12,4.67
19388832,189,4.94
19405358,119,4.93
19409558,8,5
19429471,118,4.59
19434002,11,5
19457942,3,5
19458263,6,5
19479297,184,4.88
19500901,187,4.78
19503298,213,4.91
19503995,161,4.88
19504284,22,4.91
19505495,260,4.6
19506309,2,5
19507167,1,5
19507382,1,5
19508480,262,4.9
19526445,3,5
19543599,5,5
19552660,39,4.92
19586234,181,4.55
19599646,191,4.91
19625495,104,4.72
19637156,1,3
19641640,10,5
19642299,118,4.97
19643671,27,4.85
19650280,68,4.47
19699547,59,4.88
19724962,247,4.81
19747472,135,4.87
19767116,191,4.83
19767321,190,4.88
19768378,48,4.98
19769087,250,4.9
19769612,18,4.94
19787253,54,4.89
19808563,3,4.67
19823942,3,3.67
19829493,25,4.68
19841607,50,4.94
19846846,50,4.65
19864452,53,4.98
19872890,212,4.92
19893878,3,5
19912376,1,5
19930688,32,4.81
19932136,202,4.63
19945206,25,5
19953017,134,4.96
19959131,38,4.76
19998720,26,4.35
20014244,203,4.78
20014526,140,4.78
20028160,1,5
20028213,10,4.67
20049395,213,4.85
20093002,6,5
20124890,325,4.93
20126341,138,4.92
20138171,503,4.83
20138796,268,5
20153702,6,5
20154201,166,4.82
20166365,383,4.84
20166788,130,4.46
20166874,138,4.53
20186574,49,4.75
20192249,212,4.64
20196565,4,5
20212862,16,4.88
20213058,289,4.88
20217934,1,5
20225499,6,4.83
20253006,15,4.87
20253785,97,4.89
20264444,20,4.8
20265888,161,4.8
20277898,4,4.75
20294927,24,5
20299513,23,4.73
20302085,4,5
20303609,7,4.67
20312322,18,4.72
20321277,39,4.9
20346757,40,4.65
20347049,36,5
20358943,77,4.84
20360072,81,4.9
20361292,11,5
20403640,117,4.73
20403766,202,4.74
20422457,52,4.85
20432523,2,5
20437419,6,4.67
20437717,241,4.85
20438692,221,4.88
20452932,185,4.63
20461027,12,4.42
20461139,25,4.64
20469824,110,4.89
20500529,16,4.75
20501703,101,4.95
20503212,6,5
20521864,69,4.84
20534938,74,4.61
20535352,60,4.9
20538744,472,4.96
20557004,3,5
20591529,72,4.76
20604877,191,4.95
20605356,1,5
20607002,68,4.81
20617856,221,4.94
20631517,13,4.92
20648805,21,4.95
20650534,50,4.66
20651859,73,4.96
20653842,12,5
20675654,9,4.11
20676811,38,4.77
20678886,29,4.31
20685727,15,4.73
20722572,2,5
20743970,6,5
20769447,184,4.93
20772004,31,4.26
20773444,148,4.68
20779267,91,4.7
20779465,65,4.75
20780000,4,5
20808151,5,5
20842495,4,4.75
20842924,294,4.78
20846063,14,4.29
20849583,102,4.79
20850080,122,4.66
20850266,136,4.68
20850507,71,4.56
20850591,118,4.5
20890165,1,5
20895152,1,3
20900080,5,5
20945085,5,4.8
20957404,20,4.74
20968665,260,4.97
20969903,199,4.87
20983563,55,5
20995225,83,4.99
21012348,76,4.51
21013396,166,4.89
21037539,26,4.42
21038149,37,4.54
21038479,79,4.52
21043913,60,4.6
21044002,32,4.53
21044056,30,4.67
21044104,15,4.53
21044972,36,4.94
21062208,42,4.71
21065888,9,4.89
21088019,187,4.82
21091764,133,4.89
21103562,62,4.9
21106596,214,4.88
21118188,118,4.97
21120222,3,5
21122879,256,4.98
21134013,255,4.81
21135212,79,4.7
21141774,6,4.8
21151433,48,4.67
21151752,72,4.63
21160435,54,4.81
21177503,27,4.63
21181175,149,4.69
21185273,52,4.54
21198255,26,4.91
21201876,55,4.95
21203282,141,4.96
21218730,6,4.67
21233791,275,4.83
21265927,16,4.94
21282511,27,4.74
21282988,147,4.86
21292577,39,4.58
21305912,201,4.96
21308895,31,4.65
21310291,384,4.79
21325478,110,4.66
21326028,228,4.64
21334476,305,4.76
21354341,66,4.89
21368941,256,4.99
21383659,13,4.23
21383867,66,4.52
21383885,7,5
21384121,62,4.66
21384208,31,4.48
21392155,174,4.91
21397208,6,4
21398898,31,4.58
21399073,21,4.2
21414624,27,4.67
21422900,104,4.88
21426400,32,4.2
21436504,2,5
21436977,175,4.97
21437643,228,4.4
21439632,150,4.65
21456367,247,4.85
21470573,50,4.82
21473043,185,4.7
21473050,93,4.75
21475020,137,4.88
21490840,7,4.14
21491206,5,5
21502153,122,4.89
21504736,85,4.86
21519530,14,4.57
21519849,20,4.7
21520487,146,4.86
21531280,100,4.83
21563946,58,4.68
21575396,4,5
21578601,118,4.43
21581702,10,5
21592968,7,5
21593076,5,5
21597502,36,4.81
21642372,72,4.99
21646963,83,4.72
21662190,304,4.39
21663102,107,4.8
21668724,4,5
21680495,18,4.56
21695571,144,4.94
21711623,2,5
21717185,70,4.89
21729336,95,4.77
21730002,246,4.89
21748348,2,5
21753674,69,4.93
21756049,1,0
21788048,134,4.93
21793152,360,4.89
21869442,9,4.78
21879862,7,4.71
21885282,93,4.67
21887183,188,4.85
21891422,9,4.89
21899068,214,4.86
21924660,68,4.99
21926539,40,4.53
21945058,7,4.86
21962401,296,4.54
21976567,173,4.8
21985828,27,4.96
21994848,160,4.83
21998156,34,4.91
21999937,24,4.96
22012269,152,4.71
22030677,10,4.9
22048871,145,4.81
22062712,59,4.93
22075568,14,4.64
22076921,188,4.55
22077110,178,4.81
22077168,255,4.71
22084822,42,4.54
22115415,264,4.93
22139377,55,4.96
22143128,3,4.33
22152012,60,4.82
22162839,1,3
22187642,39,4.95
22193388,30,4.55
22195887,194,4.25
22229408,20,4.85
22244228,33,4.7
22256315,3,5
22265652,2,4.5
22265966,242,4.84
22266299,204,4.78
22268306,1,4
22300841,210,4.91
22308082,232,4.81
22320621,6,5
22326779,46,4.52
22341207,122,4.8
22342450,1,5
22342950,31,4.97
22352986,21,4.76
22372488,6,3.83
22372846,35,4.29
22375645,9,5
22392135,203,4.85
22397505,126,4.83
22416682,297,4.94
22437845,122,4.94
22443658,147,4.72
22448594,72,4.9
22455225,59,4.95
22479866,3,5
22481060,11,5
22493531,22,5
22496638,161,4.91
22504339,1,0
22516816,5,4.8
22526002,1,5
22528979,4,5
22530963,73,4.9
22535385,187,4.96
22553714,6,5
22553946,216,4.71
22554380,174,4.83
22566196,14,4.29
22568357,310,4.95
22573620,128,4.64
22583236,99,4.8
22595540,105,4.84
22601186,6,5
22610265,13,5
22618081,12,4.75
22630382,1,0
22633189,175,4.96
22633496,1,5
22635130,157,4.81
22635161,16,4.69
22653176,12,4.67
22653398,1,4
22670474,13,4
22670678,37,4.92
22670776,39,4.21
22671304,206,4.96
22690411,138,4.99
22692174,14,4.14
22704423,313,4.91
22705219,94,4.6
22712422,214,4.9
22718715,148,4.95
22718758,67,4.96
22731034,45,4.89
22731835,4,3.75
22743952,21,4.95
22745173,173,4.83
22773755,265,4.83
22784246,182,4.59
22792088,127,4.78
22798280,180,4.49
22807715,16,4.88
22811023,36,4.86
22825478,127,4.86
22833646,137,4.94
22849113,171,4.43
22849373,53,4.38
22889193,157,4.83
22889391,132,4.69
22893510,7,4.86
22916511,6,3.67
22921760,5,5
22923604,11,5
22953793,4,4.5
22995477,25,4.44
22999950,89,4.78
23004319,137,4.9
23034323,87,4.94
23045163,2,5
23053269,254,4.41
23062368,29,4.55
23076529,23,4.83
23077094,122,4.97
23078865,76,4.87
23090614,51,4.78
23101507,199,4.77
23101522,12,4.92
23102166,16,4.75
23105556,2,3.5
23111121,402,4.77
23139332,206,4.76
23170552,435,4.91
23190741,104,4.76
23190751,15,5
23236188,18,4.83
23274279,2,5
23304101,98,4.69
23309447,190,4.98
23323086,118,4.87
23336463,4,5
23356586,5,5
23357913,170,4.84
23368804,147,4.95
23371128,25,4.64
23380375,236,4.84
23409975,23,4.83
23417618,35,5
23455407,6,4.5
23464005,218,4.67
23478836,72,4.74
23480691,135,4.73
23521918,169,4.83
23522812,241,4.93
23527224,14,4.92
23539251,1,5
23542186,105,4.92
23556288,185,4.92
23558219,3,5
23560608,68,4.9
23584521,12,4.64
23625381,326,4.54
23644899,195,4.89
23645709,136,4.43
23653501,33,4.18
23654043,39,4.62
23654380,22,4.64
23663749,84,4.43
23670148,43,4.53
23679681,134,4.87
23686072,2,5
23711210,221,4.6
23713101,222,4.8
23713183,36,4.92
23717403,10,4.7
23717829,14,4.79
23724012,243,4.91
23759196,17,4.82
23780677,267,4.88
23786164,49,4.74
23791737,256,4.91
23842535,23,4.65
23855370,1,5
23856917,81,4.88
23857828,18,4.78
23858688,53,4.53
23862201,155,4.84
23870678,43,4.98
23873985,3,4.33
23881282,29,4.93
23897784,13,5
23901583,15,4.53
23904984,2,5
23915943,5,4.8
23919462,4,5
23923052,100,4.47
23925940,20,4.95
23936205,10,5
23959565,66,4.71
23959717,11,4.55
23959952,32,4.63
23959984,26,4.68
23962049,175,4.73
23972524,127,4.59
23978671,84,4.5
23978800,131,4.59
23991340,149,4.83
23995986,10,5
23997894,292,4.91
23998270,211,4.76
24017245,10,4.8
24034008,120,4.41
24082486,106,4.92
24084817,146,4.77
24104817,6,4.8
24156847,3,5
24160728,148,4.71
24161482,90,5
24206768,46,4.89
24219528,3,4
24228973,5,4.6
24250678,82,4.73
24287607,2,5
24326005,109,4.6
24349574,95,4.68
24371327,115,4.86
24376463,20,4.45
24376933,36,4.75
24389155,72,4.69
24402356,46,4.91
24404499,1,5
24413216,7,4.71
24429053,26,4.48
24429083,47,4.94
24447321,88,4.83
24466018,7,4.71
24473622,246,4.89
24487223,183,4.89
24487468,112,4.86
24493324,42,4.95
24525516,3,5
24534127,95,4.96
24543542,15,5
24558490,110,4.74
24574606,35,4.94
24590286,164,4.9
24593697,21,4.95
24618350,252,4.78
24623980,112,4.71
24632346,118,4.9
24633318,44,4.93
24646004,344,4.95
24651395,1,5
24656720,122,4.53
24656817,42,4.95
24668757,87,4.79
24679376,2,5
24698468,88,4.89
24728111,46,4.63
24731528,47,4.87
24737866,200,4.72
24753315,123,4.65
24754002,65,4.98
24755870,89,4.96
24769267,267,4.72
24769658,3,5
24771122,314,4.73
24771408,264,4.71
24771697,387,4.6
24773385,317,4.78
24775374,136,4.91
24797782,97,4.94
24810161,39,4.92
24833451,172,4.47
24852013,39,4.89
24853281,10,4.33
24864186,62,4.24
24891103,64,4.98
24908065,71,4.96
24936527,73,4.67
24941379,101,4.5
24942094,15,4.87
24942889,15,4.87
24943100,13,4.85
24945114,56,4.89
24970653,71,4.9
24970939,10,4.7
25032515,221,4.92
25037403,5,4.6
25052809,101,4.87
25054523,228,4.96
25070949,1,4
25071659,162,4.85
25074638,9,5
25085673,35,4.94
25101761,246,4.99
25126483,100,4.94
25135916,1,5
25137893,136,4.82
25162568,81,4.65
25165694,10,4.4
25169104,108,4.61
25185724,64,4.55
25212021,13,4.77
25225844,8,4.71
25231412,52,4.94
25233215,23,4.83
25239060,119,4.87
25280093,232,4.85
25292714,11,5
25314826,90,4.62
25326593,6,4
25326610,61,4.57
25348151,11,5
25378845,177,4.88
25380396,141,4.93
25418257,4,4
25418737,167,4.71
25426037,39,4.74
25474562,56,4.8
25474638,70,4.51
25475308,56,4.55
25476758,11,4.64
25487660,79,4.65
25491424,1,5
25502416,268,4.74
25505828,121,4.52
25517107,68,4.94
25534627,293,4.91
25571727,229,4.93
25580143,179,4.64
25605861,110,4.97
25628990,4,5
25629848,23,5
25684079,104,4.87
25742193,300,4.7
25780267,121,4.87
25784565,22,4.64
25798423,76,4.87
25804997,178,4.92
25814369,431,4.86
25882830,2,5
25892279,11,5
25896860,175,4.81
25910521,1,5
25913368,15,4.79
25937857,10,4.44
25950556,4,4.75
25977017,169,4.91
26002321,34,4.82
26004413,135,4.79
26013461,2,5
26067478,60,4.8
26078296,23,5
26101337,4,2.75
26102160,45,4.8
26108745,14,4.57
26117108,121,4.9
26124265,4,5
26130196,52,4.92
26133778,160,4.92
26138340,42,4.76
26192482,57,4.77
26193712,2,3.5
26201810,71,4.72
26253393,148,4.77
26296408,1,4
26337047,92,4.93
26356627,144,4.94
26366926,14,4.07
26413555,230,4.64
26427409,45,4.33
26445685,2,4.5
26452635,115,4.85
26467861,38,4.92
26473487,12,5
26477012,9,4.33
26566778,58,4.52
26571232,38,4.7
26573028,123,4.62
26579917,197,4.92
26605048,133,4.89
26666485,58,4.78
26668219,3,5
26669063,41,4.71
26669187,68,4.85
26686977,64,4.55
26708700,123,4.66
26786454,198,4.95
26803712,12,4.92
26804150,19,4.79
26805068,28,4.68
26812495,161,4.86
26819224,8,5
26868703,142,4.84
26895761,203,4.89
26924135,40,4.88
26940356,67,4.81
26950500,3,4
26955762,9,4.67
26956067,25,4.76
26956333,27,4.52
26991564,60,4.38
26995160,34,4.89
26998386,141,4.91
27059660,136,4.91
27089942,5,3.2
27137715,143,4.8
27148863,73,4.97
27171117,76,4.97
27190473,168,4.86
27190553,186,4.68
27199803,3,5
27205325,122,4.91
27220012,82,4.98
27226405,46,4.87
27261590,42,4.95
27263226,7,5
27309215,218,4.93
27344873,75,4.41
27345174,81,4.3
27372418,50,4.9
27400526,129,4.97
27416204,90,4.72
27466057,124,4.74
27491163,2,5
27494657,46,4.93
27518177,12,4.92
27543541,40,4.98
27546981,187,4.82
27548833,22,4.77
27566914,130,4.97
27570172,19,4.32
27573552,41,4.83
27579183,72,4.88
27631877,208,4.95
27655220,7,5
27705648,164,4.88
27723741,43,4.58
27727699,3,3
27757068,212,4.96
27775041,110,4.92
27782318,18,4.94
27782885,125,4.94
27812605,98,4.52
27812793,98,4.76
27813807,108,4.6
27873291,52,4.96
27873912,51,4.98
27879405,119,4.63
27929757,9,4.89
27930601,4,4.25
27932589,37,4.95
27937041,13,4.92
27960316,250,4.74
27962382,93,4.83
27991634,9,5
28011711,15,4.87
28026865,81,4.81
28028316,87,4.97
28030381,7,4.71
28057069,94,4.6
28109182,77,4.82
28125608,9,4.5
28134094,7,5
28137320,6,4.33
28154722,107,4.84
28160365,6,4.67
28160590,5,4.8
28176850,2,5
28180978,81,4.99
28205073,77,4.86
28208123,22,4.77
28219027,115,4.9
28219170,21,4.81
28227027,11,4.82
28228016,246,4.85
28242044,8,4.14
28253557,355,4.98
28254584,1,5
28257191,152,4.82
28273187,67,4.93
28282457,31,4.52
28303977,82,4.73
28336119,111,4.67
28343131,44,4.84
28387345,321,4.83
28429419,58,4.79
28480971,12,4.33
28484136,25,4.96
28493426,72,4.71
28494518,111,4.35
28522288,109,4.96
28544907,11,5
28563385,10,4.6
28564940,157,4.97
28581396,7,4.33
28584255,16,4.5
28584343,13,4.23
28606289,144,4.97
28646312,89,4.98
28679737,1,5
28692012,123,4.47
28717282,140,4.86
28737073,38,4.95
28738052,53,4.74
28757369,56,4.77
28764474,2,5
28778293,24,4.57
28786757,128,4.89
28790411,1,5
28806419,26,4.96
28836027,2,3.5
28838584,74,4.77
28863314,81,4.88
28869341,112,4.91
28895568,181,4.8
28928881,173,4.84
28960863,104,4.94
28978838,260,4.83
28984713,64,4.45
28989507,7,4.86
29002608,128,4.72
29011049,63,4.92
29074698,199,4.71
29076048,158,4.9
29081447,26,4.96
29082182,1,5
29082809,131,4.69
29122757,113,4.96
29128073,86,4.99
29151289,177,4.93
29162686,84,4.93
29181009,68,4.91
29183117,19,3.93
29189874,36,4.97
29206059,23,4.86
29236747,74,4.89
29254496,136,4.76
29280642,6,5
29285817,47,4.83
29307373,42,4.69
29315833,23,4.7
29339623,60,4.77
29458183,88,4.74
29483761,96,4.74
29487241,131,4.95
29487264,125,4.91
29507715,5,4.4
29517587,8,5
29518918,10,4.9
29542444,23,5
29562913,2,5
29575909,14,4.77
29594500,32,4.91
29629930,67,4.79
29673231,63,4.94
29701036,206,4.9
29730963,10,4.9
29739564,104,4.97
29756696,73,4.89
29771907,182,4.95
29775784,4,5
29781743,75,4.63
29802594,260,4.87
29804690,16,5
29853236,100,4.67
29856280,197,4.91
29877600,10,5
29895484,16,4.56
29923648,33,5
29925515,2,4.5
29942074,57,4.68
29964176,9,4.33
29966209,128,4.81
30016962,1,5
30037580,92,5
30037994,94,4.9
30090744,169,4.92
30101500,138,4.91
30108431,2,5
30115570,276,4.89
30128318,27,4.74
30178288,36,4.97
30179598,21,4.74
30185255,28,4.75
30186137,3,0
30251286,83,4.66
30253483,253,4.91
30264882,8,4.2
30289153,215,4.89
30290466,208,4.78
30291498,182,4.86
30324130,69,4.75
30325364,328,4.56
30343678,212,4.79
30377034,73,4.97
30378859,27,4.89
30394567,380,4.89
30395396,1,5
30418774,1,4
30445479,76,4.8
30477900,20,5
30510623,12,4.42
30512163,17,4.94
30557727,10,4.7
30561986,31,4.55
30711356,17,4.71
30739175,104,4.41
30739818,130,4.86
30740961,116,4.84
30743279,118,4.89
30775571,109,4.88
30793481,4,4.5
30798257,205,4.9
30812242,126,4.98
30824111,99,4.95
30849806,30,4.93
30883584,49,4.9
30909388,11,5
30914797,45,4.98
30952933,6,4.83
30953867,21,4.81
30958606,1,4
30981199,34,4.65
30984676,3,5
30989473,92,4.91
30989749,55,4.87
31016026,99,4.76
31083342,11,4.36
31088980,67,4.9
31099388,5,4.4
31125533,71,4.93
31139508,3,5
31161347,36,4.8
31167292,1,0
31189367,55,4.87
31190454,187,4.91
31191457,104,4.72
31222441,17,5
31222679,95,4.88
31236410,64,4.97
31239094,122,4.93
31239154,109,5
31241819,84,4.77
31249608,158,4.84
31283575,72,4.72
31290549,4,3.33
31306721,135,4.88
31332079,2,5
31338157,91,4.75
31382358,140,4.94
31388922,2,5
31389662,87,4.6
31390865,129,4.91
31412643,8,5
31421230,74,4.95
31444864,31,4.86
31448594,12,5
31472311,18,4.89
31473995,70,4.79
31490653,74,4.5
31513085,12,4.92
31517023,5,5
31531466,32,4.78
31562778,1,5
31570396,192,4.98
31592816,218,4.76
31599341,5,4.6
31621711,2,4.5
31643469,71,4.97
31708124,126,4.9
31714187,98,4.93
31741258,9,5
31758275,59,4.81
31806041,3,5
31806927,87,4.17
31809354,192,4.96
31824034,7,3.6
31824956,28,5
31828748,9,4.89
31830631,74,4.82
31836147,158,4.85
31836433,94,4.66
31863489,3,4.67
31876627,3,5
31883221,10,4.6
31899730,32,4.63
31925283,110,4.84
31929526,90,4.72
31953126,34,4.59
31954059,1,5
31986507,185,4.83
31987896,134,4.63
32013688,21,4.71
32020017,13,4.69
32021833,108,4.75
32036948,46,4.93
32041730,62,4.63
32049221,88,4.99
32069236,175,4.84
32071127,177,4.89
32082239,4,5
32082459,17,5
32083321,95,4.68
32101601,68,4.82
32104084,22,5
32127784,11,4.91
32151631,10,4.4
32167524,130,4.46
32168146,84,4.27
32168514,196,4.78
32182085,15,4.67
32182670,2,3.5
32202044,1,4
32232683,7,4
32269087,191,4.96
32270141,28,4.96
32284361,88,4.93
32285211,35,4.89
32298306,7,4.71
32308418,11,4.73
32341970,1,5
32358982,109,4.55
32361612,88,4.75
32387655,2,5
32421507,68,4.91
32446700,8,4.75
32447133,133,4.89
32451420,55,4.91
32464624,40,4.93
32476053,38,4.95
32492651,145,4.93
32492660,46,4.8
32501240,27,4.59
32515738,104,4.59
32521904,81,4.94
32524882,31,4.71
32550823,20,4.85
32610738,16,4.69
32613185,171,4.99
32616215,20,4.8
32640238,196,4.55
32648943,5,4.4
32654680,2,5
32691966,12,4.92
32694234,41,4.68
32726582,229,4.92
32747171,76,4.79
32749515,148,4.82
32753218,18,4.78
32763621,22,4.82
32766486,49,4.78
32767428,18,4.28
32787044,47,4.98
32801568,1,3
32807714,2,5
32812876,68,4.78
32815444,135,4.81
32816553,28,4.89
32846587,24,4.67
32872580,80,4.81
32899986,214,4.78
32919163,85,4.94
32937933,8,4.5
32941255,182,4.97
32944639,15,4.87
32953300,74,4.93
32960721,56,4.89
32962889,93,4.48
32991383,9,4.56
33008668,79,4.95
33015333,2,5
33062807,4,4.75
33062870,1,5
33065338,61,4.84
33067914,6,4.5
33070034,243,4.72
33077259,23,4.68
33083210,15,4.87
33096397,105,4.93
33155005,2,5
33156240,76,4.8
33160476,41,4.71
33161628,63,4.78
33167831,113,4.92
33188218,96,4.57
33189272,213,4.6
33189368,82,4.54
33198326,31,4.97
33212893,64,4.83
33216192,65,4.83
33249301,31,4.74
33249537,58,4.93
33260758,111,4.93
33275075,53,4.83
33276776,129,4.9
33277098,177,4.82
33277348,127,4.9
33330151,2,4.5
33360028,11,4.82
33366075,9,4.56
33374995,12,4.67
33375890,9,4.33
33376779,9,4.89
33388885,27,4.78
33391886,9,4.56
33396632,27,4.22
33427863,23,4.91
33455792,6,5
33469877,137,4.84
33485532,3,5
33492794,3,4
33492873,5,4.8
33497636,293,4.8
33498604,312,4.84
33498856,270,4.81
33516751,64,4.64
33517319,12,4.33
33522560,114,4.96
33526446,38,4.92
33530313,54,4.89
33552693,6,5
33584842,2,5
33587463,2,4.5
33632288,142,4.71
33633909,1,5
33636651,64,4.79
33639170,20,4.85
33660071,19,5
33664532,36,4.53
33718308,94,4.74
33718594,16,4.5
33721595,54,4.98
33766197,105,4.83
33768875,133,4.85
33771524,14,4.5
33772102,7,4.57
33802424,180,4.76
33804405,6,4.83
33827412,31,4.87
33830823,259,4.84
33854482,256,4.95
33856921,71,4.76
33857127,108,4.87
33857393,154,4.75
33881424,86,4.84
33882534,133,4.71
33907708,31,4.81
33911319,60,4.77
33972170,99,4.94
33984202,4,5
33996319,29,4.69
33997170,54,4.76
34019174,80,4.95
34023379,6,4.83
34024310,44,4.9
34054492,9,4.78
34124396,110,4.78
34127376,29,4.31
34137898,54,4.94
34144445,19,4.79
34156122,7,5
34172494,25,4.6
34175841,8,4.5
34176155,8,4.63
34180366,7,4.86
34183228,8,4.88
34201153,8,4.38
34211007,7,5
34227673,129,4.82
34243546,110,4.9
34296434,6,4.33
34303124,27,4.85
34311072,251,4.97
34328776,76,4.75
34365503,6,4.83
34371286,4,4.25
34416381,61,4.92
34421531,147,4.79
34421731,17,4.94
34422566,82,4.77
34449825,175,4.97
34466500,9,5
34473469,140,4.96
34510493,7,4.71
34546557,67,4.21
34568695,72,4.78
34590510,61,4.52
34594785,67,4.36
34602332,3,5
34603310,13,4.92
34621475,5,4.8
34624488,5,4.8
34624511,5,5
34624516,10,5
34624535,3,5
34624538,3,5
34644786,68,4.85
34665045,42,4.86
34676985,58,4.98
34719656,110,4.84
34737822,95,4.94
34748179,88,4.82
34776723,29,4.79
34777844,9,5
34859597,9,4.56
34868238,29,4.93
34884102,30,4.97
34895725,14,4.71
34905346,17,4.59
34910014,24,4.88
34912899,4,3.75
34913078,43,4.81
35001665,8,4
35068620,4,5
35079953,2,5
35095359,21,4.62
35153764,101,4.76
35161686,116,4.97
35201832,142,4.93
35202572,11,4.45
35220295,5,5
35224602,4,4.75
35224647,3,4
35224697,3,4.67
35224959,3,4.67
35225006,2,4
35225056,2,5
35225085,2,5
35225262,27,4.81
35225283,3,5
35251578,67,4.64
35253071,3,5
35253447,2,5
35253515,2,5
35254773,1,5
35255067,1,5
35255207,1,5
35255723,1,5
35263183,101,4.49
35265350,37,4.61
35309080,13,4.69
35309607,12,4.7
35316303,144,4.89
35321791,44,4.84
35336448,77,4.97
35343181,271,4.81
35382379,3,4.67
35398470,3,3.67
35414659,149,4.34
35419723,10,4.7
35449375,51,4.92
35454316,1,4
35471374,6,4.17
35480065,14,4.77
35516187,214,4.88
35517815,71,4.69
35564305,20,4.65
35571953,1,5
35579189,39,4.46
35640948,58,4.79
35649783,71,4.85
35679103,48,4.75
35716823,6,5
35717206,20,5
35741692,191,4.97
35764525,49,4.69
35825394,2,4.5
35841334,21,4.67
35878322,105,4.8
35911851,102,4.96
35915972,6,5
35944422,4,4.75
35991621,5,4.8
36018226,1,5
36018580,1,4
36027092,6,4.67
36027382,10,4.3
36027557,152,4.68
36027693,8,4.63
36028001,13,4.54
36028494,9,4.33
36028730,1,5
36029068,3,5
36030026,47,4.91
36035592,95,4.95
36037856,195,4.98
36038579,21,4.62
36067662,5,4.6
36107557,45,4.71
36109968,1,3
36111184,24,4.83
36117343,12,4.25
36117442,9,3.78
36131321,36,4.31
36136479,6,3.67
36163603,52,4.71
36165468,5,5
36165711,4,3.5
36166901,1,5
36170124,8,4.38
36176762,79,4.89
36194044,9,4.56
36194212,3,5
36204632,75,4.95
36229440,95,4.78
36240480,39,4.51
36257002,102,4.74
36257592,100,4.87
36258139,87,4.66
36258704,85,4.75
36259395,128,4.76
36260091,213,4.66
36282039,132,4.73
36298242,2,4
36299357,2,5
36302896,2,4.5
36311887,6,5
36331667,1,5
36341382,148,4.89
36344348,7,4.43
36348357,20,4.4
36351097,20,4.8
36352140,3,3.67
36356881,7,4.86
36414607,164,4.85
36426562,20,4.45
36440922,99,4.59
36450591,141,4.94
36451226,65,5
36488009,24,5
36512982,60,4.7
36519416,5,5
36543234,2,5
36543439,3,5
36543601,3,5
36544572,8,5
36560997,64,4.73
36566138,17,4.88
36596036,13,4.69
36608550,105,4.79
36694782,124,4.93
36705115,44,4.91
36720015,58,4.69
36772403,26,4.85
36791323,2,3
36801219,278,4.85
36909059,80,4.98
36914105,3,3.67
36930675,53,4.79
36940209,89,4.9
36945683,6,4.83
36972948,50,4.84
36978357,5,5
36978416,5,5
37002662,18,4.53
37016029,92,4.64
37018045,3,4.33
37018830,90,4.93
37042335,1,4
37050513,84,4.94
37060825,10,4.3
37062219,26,4.73
37093375,2,5
37093526,5,4.8
37093610,3,3.67
37093653,1,5
37106577,1,5
37106646,34,4.74
37138408,1,1
37179241,2,5
37179549,20,4.95
37181831,80,4.96
37185264,144,4.94
37200045,4,3.75
37203714,27,4.81
37212596,223,4.95
37243016,6,4.83
37253675,32,4.9
37257094,8,4.5
37288321,9,4.67
37295012,219,4.84
37298554,4,4.5
37299481,118,5
37303418,166,4.98
37310740,2,4
37310777,1,5
37310830,2,5
37333237,46,4.87
37336048,1,4
37398889,64,4.8
37403447,29,4.93
37421005,102,4.99
37431165,14,4.93
37455236,19,4.84
37456647,4,5
37458898,32,4.94
37493632,24,4.92
37553007,30,4.93
37553551,2,5
37556887,6,4.83
37582482,2,3.5
37584015,1,3
37584699,1,5
37586149,1,5
37593687,74,4.89
37602271,2,0
37621055,37,4.92
37672383,81,4.93
37699827,1,5
37721712,28,4.89
37743958,28,4.57
37800391,122,4.97
37804001,12,4.75
37833461,30,4.93
37834451,70,4.83
37838983,97,4.7
37850686,34,4.53
37881373,60,4.82
37883736,7,4.57
37889765,101,4.96
37916753,5,5
37919332,27,4.74
37945689,4,4.75
37986544,18,4.78
38013091,1,3
38021592,182,4.95
38051117,2,5
38087789,24,4.88
38092385,70,4.87
38104114,136,4.6
38104981,119,4.71
38133336,166,4.77
38140187,39,4.72
38149408,80,4.94
38156682,1,5
38160741,46,4.85
38161147,22,4.55
38176610,33,4.63
38184618,109,4.68
38193277,36,4.86
38216280,60,4.85
38216432,58,4.88
38266236,95,4.99
38321510,75,4.99
38328694,52,4.98
38351461,38,4.89
38356056,13,4.62
38385816,129,4.71
38394573,38,4.35
38403632,35,4.74
38409028,144,4.89
38459539,49,4.73
38478357,290,4.99
38483487,28,4.68
38483490,7,4.71
38488259,60,4.8
38509835,1,5
38574393,46,4.87
38581209,41,4.76
38646781,186,4.98
38666039,2,4.5
38671339,41,4.78
38698346,358,4.88
38711311,21,4.67
38720480,2,3
38729928,4,5
38730383,186,4.92
38730401,144,4.89
38758823,6,4.67
38783401,22,4.95
38793598,9,4.44
38800413,23,4.91
38826918,27,4.33
38841656,16,4.63
38848688,98,4.71
38869884,67,4.96
38892449,4,4.75
38894046,10,4.9
38902013,91,4.97
38915618,7,4.71
38932132,18,4.72
38944130,2,5
38955978,10,4.8
38978425,37,4.89
38984310,29,4.48
39009137,29,4.59
39021954,2,4.5
39053292,16,4.75
39058403,7,5
39083672,23,4.91
39096388,73,4.59
39131912,10,4.2
39156460,40,4.85
39191601,2,5
39194624,1,0
39197008,5,4.6
39199879,11,4.73
39300798,66,4.97
39302442,2,4
39321498,6,4
39322009,12,4.58
39333843,19,5
39354244,1,5
39356964,113,4.92
39362231,73,4.9
39362772,9,4.67
39364813,1,5
39388806,222,4.93
39437109,171,4.94
39445808,159,4.81
39446397,21,4.9
39448601,1,0
39484120,18,5
39485961,12,4.5
39486703,52,4.98
39502852,5,4.4
39535837,56,4.77
39561481,9,4.22
39570942,1,5
39580024,87,4.79
39596942,3,5
39604002,29,4.48
39604041,231,4.71
39604044,60,4.62
39604046,7,4.29
39606749,6,4.83
39642928,19,4.58
39650278,70,4.66
39652312,69,4.75
39692838,7,4.86
39726649,320,4.95
39752076,70,4.66
39755135,1,4
39798533,58,4.88
39800501,21,4.95
39809926,7,4.86
39813890,34,4.47
39836531,63,4.94
39870792,2,5
39870807,3,5
39870809,2,5
39900735,5,4.6
39963605,207,4.94
40001426,23,4.91
40002408,30,4.9
40003333,179,4.91
40004941,52,4.96
40029212,24,4.54
40058973,81,4.57
40064739,5,5
40137146,22,4.73
40152598,49,5
40160080,100,4.98
40162430,1,4
40167882,1,5
40171111,1,3
40171821,29,4.93
40181171,17,4.82
40182964,29,4.28
40183958,27,5
40212701,1,5
40224977,7,5
40234923,17,4.82
40235096,82,4.67
40279351,60,4.7
40303292,47,4.66
40305227,1,5
40311897,11,5
40330483,111,4.88
40341225,44,4.75
40341398,23,4.74
40342072,115,4.63
40347895,78,4.85
40348377,10,5
40373899,5,4.8
40382471,2,5
40394019,1,5
40415504,1,5
40415566,3,4.67
40424768,9,4.33
40427918,2,5
40428080,33,4.48
40431665,89,4.8
40464508,116,4.95
40466225,60,4.6
40466314,44,4.43
40466323,50,4.32
40471239,3,5
40471244,1,5
40471249,1,5
40471255,6,4.67
40471263,4,5
40475058,7,4.71
40489781,18,4.94
40491514,3,4.67
40500030,239,4.91
40501907,89,4.99
40513350,8,4.5
40514362,63,4.84
40535574,39,4.97
40544114,50,4.8
40558120,61,4.85
40561900,178,4.93
40567873,63,4.89
40595270,136,4.9
40608158,17,4.88
40612056,77,4.83
40613735,189,4.97
40620454,88,4.84
40632048,1,5
40655736,24,4.96
40656084,48,4.94
40656549,36,4.97
40664133,19,4.05
40670698,51,4.96
40706032,92,4.73
40712972,2,5
40717616,32,4.91
40721023,5,4.6
40736026,19,4.95
40748525,128,4.9
40750190,7,4.71
40779306,152,4.95
40783246,21,4.7
40786381,16,4.63
40815014,8,5
40826443,30,4.8
40826512,2,5
40897645,48,4.81
40900395,88,4.73
40900667,41,4.61
40915258,10,4.9
40945181,94,4.97
40950741,306,4.48
40950757,17,4.47
40950769,6,4.67
40950779,3,4.33
40950787,145,4.41
40950797,7,4.71
40950812,5,4.8
40961021,12,4.08
40971368,3,5
40988436,3,4.67
41011067,43,4.93
41024183,16,4.38
41028528,153,4.86
41033518,114,4.86
41049221,62,4.52
41049584,39,4.87
41049930,31,4.61
41050961,26,4.58
41062883,1,5
41078150,9,4.89
41123506,29,4.93
41131947,27,5
41132050,18,4.89
41151596,32,4.94
41152512,38,4.87
41152887,41,4.9
41157132,31,4.87
41170597,39,4.82
41193245,90,4.71
41195183,5,5
41204749,1,5
41217130,137,4.81
41241000,14,4.93
41288772,1,4
41289517,4,5
41298255,88,4.35
41319051,16,4.88
41320138,49,4.47
41325296,39,4.41
41326764,19,3.89
41334841,21,4.86
41342070,88,4.97
41344281,59,4.78
41352395,166,4.95
41370307,4,5
41377434,54,4.93
41446706,51,4.55
41449378,1,5
41449751,4,5
41481671,165,4.95
41494842,28,4.93
41497635,3,5
41498029,38,4.74
41524252,33,4.73
41528513,227,4.81
41537206,97,4.97
41558012,66,4.95
41566665,46,4.7
41574604,40,4.8
41575870,1,5
41587645,5,5
41590342,5,5
41607274,7,4.57
41607767,5,4.8
41608018,5,5
41608325,5,4.8
41611678,3,4.33
41612888,25,4.25
41614602,88,4.91
41642040,2,1
41646213,5,4.8
41649764,22,4.05
41656697,27,4.96
41686973,64,4.94
41715029,2,5
41718233,40,4.13
41718261,47,4.64
41738460,5,4.6
41760756,1,5
41789453,1,5
41802165,22,4.95
41833840,3,4
41841497,54,4.98
41853446,14,4.57
41858298,7,4.57
41861613,10,5
41862620,58,4.84
41873907,53,4.64
41875412,1,5
41876638,2,5
41878944,19,4.79
41879459,3,4.33
41880509,32,4.66
41903285,19,4.58
41929080,23,5
41964584,126,4.9
41983676,87,4.79
41983952,5,5
41984085,3,4.67
41984118,4,5
41984156,1,5
41993096,2,5
42003632,36,5
42016076,52,5
42020847,18,4.89
42033815,1,5
42037592,80,4.94
42039308,40,4.83
42046602,75,4.97
42068276,3,4.67
42073006,85,4.95
42090210,67,4.96
42105576,1,4
42130320,70,4.59
42156198,15,4.47
42163212,25,4.88
42179779,20,4.65
42180264,75,4.93
42194513,1,2
42199762,32,4.91
42222012,9,4.22
42247870,111,4.94
42255228,6,4.2
42255732,16,4.56
42256081,6,4.17
42256352,218,4.4
42270572,22,4.14
42272149,1,5
42291087,14,4.93
42296497,123,4.65
42309218,27,4.85
42316829,16,5
42318051,15,4.73
42388653,5,4.8
42400486,13,4.69
42403468,1,5
42403607,1,5
42430178,1,0
42451061,9,4.89
42455028,92,4.65
42459578,23,5
42469980,5,5
42490650,34,5
42494017,1,5
42503052,218,4.89
42517169,17,5
42518842,17,4.82
42532796,2,5
42542287,12,4.25
42548617,12,4.33
42559196,4,5
42559665,40,4.75
42577611,16,4.81
42588777,122,4.77
42590098,94,4.87
42592552,10,4.7
42619320,5,5
42620250,75,4.85
42645490,3,5
42646134,25,4.92
42650292,67,4.81
42694055,9,5
42765421,2,5
42768807,157,4.87
42776834,57,4.37
42791712,37,4.38
42811670,1,1
42811690,3,4.67
42811700,2,5
42811705,4,5
42811710,4,4
42811718,2,5
42811724,2,3
42811730,4,4.25
42811738,1,5
42811743,1,4
42811750,3,4.33
42811753,4,4.75
42811764,6,4.83
42811767,4,5
42811773,5,5
42811779,2,3
42811782,3,5
42811785,1,5
42811810,3,5
42811815,2,5
42811816,5,4.8
42811820,3,4.33
42811826,4,3
42811840,3,4.67
42811874,1,5
42811887,2,5
42811902,2,4.5
42811909,5,5
42811915,3,4
42811933,1,4
42811943,2,3
42811953,2,4.5
42811958,2,4.5
42811961,2,3.5
42829620,1,5
42834842,126,4.82
42867623,1,5
42870950,1,5
42879511,113,4.81
42915638,32,4.91
42929391,45,4.82
42939091,6,5
42941255,29,4.66
42941476,6,4.67
42957495,5,5
42963525,10,5
42964787,1,5
42986431,60,4.97
43036130,99,4.53
43041734,1,3
43044374,66,4.88
43059320,70,4.91
43069039,1,4
43078743,15,5
43080288,4,4.5
43080292,1,4
43082323,2,3
43082486,8,4.88
43088464,2,5
43088469,5,5
43088473,5,4.6
43088476,1,5
43088477,3,5
43088478,4,4.75
43088479,6,4.83
43088482,2,5
43088483,5,4.8
43088490,3,3.67
43104720,3,4
43111277,16,4.5
43124008,1,4
43142142,2,5
43147860,1,5
43157756,26,4.38
43159768,35,4.71
43186270,50,4.68
43186585,10,4.9
43186713,44,4.82
43186909,87,4.62
43188285,1,5
43220779,102,4.74
43246407,26,5
43275081,6,5
43286567,161,4.94
43303387,62,4.85
43341208,134,4.72
43346847,11,4.82
43375153,2,5
43401597,7,4.86
43415299,141,4.84
43432062,60,4.8
43432957,6,5
43465858,15,4.93
43474809,11,5
43476141,37,4.97
43476241,93,4.76
43478560,69,4.75
43479699,117,4.77
43479886,6,4.33
43481170,14,5
43496551,15,4.53
43517424,1,5
43534310,66,4.94
43544205,3,4.67
43544281,39,4.54
43564400,19,4.89
43569290,17,4.71
43605387,19,4.89
43652954,113,4.94
43676822,112,4.7
43676824,141,4.7
43676905,41,4.68
43689658,10,4.3
43730156,78,4.94
43750294,14,4.86
43753382,1,5
43767520,9,5
43767651,9,4.89
43767660,11,5
43770692,49,4.92
43785004,5,5
43804122,1,5
43845709,25,4.88
43868902,91,4.98
43884836,79,4.95
43888344,1,4
43923337,17,4.24
43939342,82,4.93
43950218,130,4.65
43982311,57,4.95
44004664,4,5
44088653,2,3.5
44119414,76,4.62
44119683,147,4.9
44119904,129,4.93
44120058,74,4.85
44132992,21,4.48
44134766,5,5
44138643,1,5
44147355,1,3
44195935,8,5
44206370,129,4.95
44207611,10,5
44207617,3,5
44211888,2,5
44272586,62,4.97
44291860,8,4.88
44378904,44,4.61
44389677,61,5
44405864,20,4.8
44406768,15,4.87
44410205,36,4.72
44410630,35,4.66
44433757,11,4.82
44433902,6,3.67
44443615,5,4.8
44444193,56,4.96
44465992,40,4.6
44472965,2,5
44483573,1,5
44485729,51,4.86
44506423,1,5
44517251,22,4.95
44519337,36,4.64
44519347,48,4.79
44519348,33,4.88
44521112,152,4.91
44521751,14,5
44533310,20,4.95
44539302,81,4.86
44559749,65,4.91
44597062,8,5
44646998,19,4.95
44666220,36,4.89
44678950,22,4.82
44683319,64,4.84
44697615,38,4.53
44702772,101,4.83
44743616,2,4.5
44832737,16,5
44869358,11,4.91
44995788,6,5
44998055,38,4.66
44998059,78,4.76
44998087,37,4.76
45027736,5,4.4
45050405,11,4.18
45053446,10,4.3
45076792,18,4.94
45076831,56,4.84
45097082,17,4.71
45099010,7,4.71
45118225,6,5
45125200,29,4.76
45125944,34,4.88
45128554,10,3.3
45164542,8,4.5
45165690,41,4.8
45177682,58,4.95
45185261,47,4.85
45187699,39,4.64
45190034,32,5
45191510,134,5
45220778,2,5
45223908,1,5
45241128,61,4.7
45274526,4,5
45291574,53,4.91
45304193,98,4.61
45313686,15,4.93
45345232,10,4.9
45380725,2,5
45385834,185,4.86
45397440,2,4.5
45399315,46,4.83
45400768,8,4.75
45410552,2,5
45419012,43,4.81
45422087,31,4.87
45424729,2,4.5
45432706,13,5
45436298,10,4.8
45450156,57,4.82
45454629,13,4.85
45475584,49,4.96
45494125,5,4.8
45495027,5,4.8
45495668,22,4.86
45498960,26,4.42
45499064,11,4.82
45499136,3,5
45504511,3,3.67
45506143,45,4.6
45511428,24,5
45512221,12,4.92
45516768,29,4.83
45524192,41,4.8
45531297,54,4.74
45548365,31,4.58
45549299,41,4.85
45597932,5,4.4
45599687,25,4.84
45610031,3,4.33
45623851,131,4.84
45648413,124,4.96
45654884,61,4.77
45655488,23,4.83
45657024,1,5
45669735,1,5
45670073,1,5
45670909,1,5
45671786,1,5
45672392,1,4
45672873,3,4.67
45673093,1,5
45675348,5,4.8
45675440,8,5
45676408,43,4.88
45685198,9,4.89
45685304,58,4.93
45698732,3,3
45698889,2,5
45699176,6,4.83
45719672,4,5
45721067,3,5
45726862,10,4.5
45740772,8,4.88
45752364,13,4.92
45753882,36,4.92
45756100,115,5
45756600,12,5
45763617,1,4
45766087,40,5
45770135,181,4.97
45774425,46,4.83
45774931,55,4.73
45784441,48,4.75
45789238,26,4.96
45796599,2,5
45809199,52,5
45810162,33,4.97
45813525,7,4.71
45816025,6,3.17
45860529,60,4.85
45865942,114,4.89
45866645,121,4.89
45877546,83,4.71
45885266,19,4.89
45893207,14,4.5
45898477,119,4.86
45909623,2,4.5
45916182,102,4.9
45938605,110,4.75
45941532,80,4.91
45942819,119,4.91
45956802,4,5
45959030,2,5
45959718,46,4.46
45964641,35,4.97
45973079,3,5
45977033,28,4.75
45990826,13,4.92
45993222,94,4.84
46004444,8,4.75
46006215,10,5
46020418,19,4.89
46023116,91,4.69
46040823,1,5
46044562,2,5
46048000,46,4.89
46048362,68,4.96
46048577,41,4.98
46049581,72,4.92
46049801,55,4.96
46049905,59,4.92
46052194,18,4.78
46052718,14,4.71
46054151,10,4.9
46106600,7,4.71
46120474,6,4.83
46138649,29,4.76
46141540,5,4.6
46146369,4,5
46193587,1,5
46231785,73,4.89
46232948,3,3.67
46276795,18,4.39
46277339,86,4.71
46289608,6,4.5
46293888,2,5
46296757,52,4.5
46298082,48,4.19
46306888,134,4.9
46338150,45,5
46348301,7,4.43
46356120,5,5
46358889,27,4.89
46372004,53,4.92
46372366,36,4.64
46376464,41,4.76
46376799,1,5
46377589,14,4.86
46377775,1,5
46407965,30,4.57
46413934,1,5
46414309,1,3
46418162,25,4.84
46419097,30,4.73
46419132,4,4.75
46419136,1,3
46419150,2,5
46419342,1,5
46419375,4,4.75
46428177,36,4.97
46433753,165,4.99
46435428,56,4.98
46450725,27,4.78
46451071,1,5
46451073,1,5
46451085,2,4.5
46451238,8,5
46451700,28,4.93
46453167,31,4.9
46453457,140,4.96
46460890,84,4.95
46464749,29,4.97
46470715,1,3
46472704,1,5
46472708,9,4.33
46472709,1,4
46472744,3,4
46472746,2,4.5
46475512,2,5
46475520,5,4.4
46475531,2,5
46475540,3,5
46475541,5,4.8
46475542,1,5
46475544,5,5
46475559,3,5
46487882,1,4
46488085,10,4.9
46488187,2,4.5
46495546,15,4.47
46506728,2,3.5
46507680,60,4.97
46513626,15,5
46529527,48,4.73
46529906,5,5
46530944,1,5
46530992,3,5
46531231,5,4.8
46531359,2,3
46545564,26,4.92
46546172,13,4.77
46551522,34,4.97
46576144,1,5
46578981,54,4.94
46598276,24,4.96
46602569,6,5
46604590,81,4.79
46611782,19,4.63
46615344,51,4.92
46618297,7,4.86
46626850,3,5
46628220,2,5
46630067,20,4.4
46635579,19,4.89
46646458,2,5
46665279,28,4.39
46676296,18,4.78
46678410,32,4.97
46694180,8,4.5
46695067,21,4.9
46696105,18,4.72
46696132,31,4.81
46707784,3,5
46708930,7,5
46713309,73,4.73
46729292,8,4.88
46731252,34,5
46731443,72,4.89
46738044,84,4.73
46751246,73,4.79
46757450,47,4.98
46771105,18,4.72
46797426,48,4.56
46797430,50,4.42
46813754,76,4.92
46819326,8,5
46820637,1,1
46835011,42,4.81
46835835,23,4.91
46850861,72,4.75
46859435,55,4.69
46861320,53,4.74
46861924,5,5
46862752,3,4.67
46875064,72,4.86
46875746,35,5
46902119,1,5
46920919,12,4.75
46922014,4,4.25
46922207,3,5
46922533,4,4.75
46923319,2,4.5
46923649,10,4.9
46926304,11,4.82
46935328,100,4.69
46937902,123,4.84
46938999,22,4.91
46944930,3,5
46951758,37,4.73
46962264,3,5
46978083,27,4.19
46981409,5,5
46987479,41,4.88
46987837,1,5
47008879,68,4.93
47011083,30,4.63
47031108,89,4.71
47043132,11,4.73
47052036,30,4.47
47052488,4,4.75
47073574,12,4.5
47092549,8,4.88
47118890,1,5
47124147,25,5
47134889,17,4.65
47137342,4,5
47137816,115,4.93
47160427,39,4.72
47160436,1,5
47170569,6,4.83
47175069,112,4.84
47196271,28,4.71
47196432,24,4.79
47200147,1,5
47200180,3,4.67
47206840,13,5
47217640,29,4.76
47230845,13,4.54
47235306,2,4.5
47236322,59,4.81
47236883,5,3.2
47260708,3,5
47271360,37,4.59
47273654,3,4.67
47276607,2,5
47286904,32,5
47312241,2,5
47317342,41,4.8
47334192,11,4.82
47336176,1,5
47338049,137,4.82
47338844,48,4.48
47344011,94,4.73
47350016,26,4.46
47361189,66,4.85
47391929,95,4.94
47395441,15,4.87
47404042,72,4.96
47407322,28,4.86
47419272,1,5
47419943,2,5
47421425,17,4.59
47422629,41,4.76
47429290,4,5
47431222,42,4.79
47447394,26,4.92
47451426,9,4.67
47467694,1,5
47469231,32,4.84
47486234,18,4.89
47487277,3,4.67
47491800,4,4.5
47495263,34,4.79
47498455,120,4.74
47538203,103,4.9
47546873,15,4.53
47548579,4,5
47560691,29,4.93
47568663,13,4.85
47581775,24,4.63
47582445,5,4.4
47584906,95,4.91
47585660,7,4.57
47585920,85,4.73
47586278,3,5
47591578,11,4.82
47720419,4,4.5
47729249,18,4.94
47742108,7,5
47770369,43,4.53
47770815,33,4.85
47785499,1,5
47802409,81,4.84
47815159,6,4.17
47817350,2,4.5
47826713,1,5
47830427,1,5
47849796,20,4.75
47852874,15,4.87
47871334,47,4.74
47872740,16,4.63
47879377,2,4.5
47893202,85,4.87
47904079,20,4.5
47904846,33,4.55
47906665,70,4.81
47907049,77,4.71
47942586,1,5
47949791,5,4.8
47950478,14,4.57
47952346,4,3.75
47962755,105,4.94
47965462,8,4
47976480,112,4.89
47982289,4,5
47990347,130,4.83
47991451,19,4.42
47992072,138,4.78
47997474,33,4.09
48010456,14,4.71
48029661,118,4.92
48037732,49,4.86
48039578,2,5
48039918,63,4.94
48065564,7,5
48070188,91,4.82
48080819,27,4.74
48102922,99,4.97
48113885,258,4.3
48120536,4,5
48130513,16,4.56
48133696,10,4.6
48134650,77,4.58
48165017,3,5
48166180,87,4.95
48167321,91,4.96
48172430,10,4.9
48179886,11,4.82
48184427,36,4.72
48206931,78,4.58
48216250,91,4.89
48228623,38,4.47
48229150,29,4.86
48238638,62,4.52
48253207,4,4.5
48265849,28,4.96
48267834,16,4.19
48268708,44,5
48279239,14,4.86
48281550,10,3.9
48298350,43,4.58
48298402,16,4.63
48300551,2,4.5
48313097,83,4.66
48313254,2,4
48324388,5,3.6
48326333,39,4.28
48334124,21,5
48344070,1,5
48357860,1,2
48358152,43,4.6
48359588,44,4.89
48360662,37,4.54
48367761,26,4.08
48369143,7,4.86
48380683,21,4.95
48381544,53,4.57
48383542,42,4.62
48392294,23,4.74
48401930,1,3
48402694,43,4.65
48420639,11,4.18
48420788,18,4.28
48425132,343,4.68
48427765,1,5
48428931,42,4.83
48431239,54,4.89
48448944,15,4
48452270,17,4.88
48480522,2,3
48480619,34,4.71
48483204,30,4.53
48498684,3,5
48498771,36,4.67
48498928,2,4
48498997,7,4.71
48502935,67,4.99
48518066,4,3.25
48550972,1,5
48559754,10,4.6
48560292,7,4.43
48560431,1,5
48572292,13,4.31
48572918,16,4.63
48580092,4,4
48581101,40,4.73
48581104,29,4.34
48587381,2,5
48588315,2,5
48600648,91,4.6
48601162,22,4.55
48602008,45,4.47
48603444,17,4.82
48603452,2,5
48612561,31,4.52
48622303,14,4.71
48624337,5,4.2
48628603,3,3
48628611,62,4.4
48628613,22,4.68
48628617,58,4.57
48628618,23,4.57
48628620,58,4.74
48628626,71,4.45
48628629,64,4.55
48645863,84,4.87
48646500,91,4.75
48654435,72,4.78
48656829,7,4.57
48679512,79,4.7
48680377,64,4.69
48681132,36,4.97
48694746,91,4.92
48697906,5,5
48698210,4,5
48698426,3,5
48698590,33,4.61
48699869,6,5
48701419,12,4.83
48702391,14,4.86
48710238,51,4.71
48713100,19,4.95
48734014,4,2.75
48734193,29,4.38
48734587,3,5
48746814,57,4.95
48751212,14,4.86
48751404,2,5
48751624,1,5
48751742,27,4.93
48751974,46,4.59
48752131,44,4.64
48754351,12,4.08
48757013,13,4.46
48764314,7,3.71
48764619,23,4.57
48766089,53,4.6
48768811,6,4.33
48769123,76,4.88
48780617,3,5
48789743,11,4.91
48804153,3,3.33
48822431,4,4.75
48827054,126,4.99
48831680,11,4.55
48832169,4,5
48832570,12,4.42
48832580,24,4.83
48841313,108,4.8
48844621,11,4.91
48851573,139,4.91
48862420,1,5
48871515,12,4.83
48882791,13,4.15
48883039,53,4.47
48884284,72,4.89
48885672,24,4.63
48888669,62,5
48901549,15,4.73
48906105,7,4.43
48916702,3,5
48918367,80,4.91
48919568,7,4.71
48928425,38,4.84
48933860,48,4.9
48934429,9,5
48939228,21,4.86
48940186,21,4.9
48948711,1,5
48950666,6,4
48950835,80,4.65
48957484,4,5
48968505,3,4.33
48973758,55,4.58
48975990,47,4.83
48977323,37,4.32
48978596,5,4.8
49013551,4,4.25
49014419,50,4.9
49017906,5,4.8
49018035,77,4.68
49029925,66,4.95
49031658,21,4.71
49044242,45,4.8
49045626,6,4.83
49061918,41,4.95
49068761,76,4.72
49071104,5,5
49080071,21,4.62
49089210,19,4.42
49114410,2,5
49126659,40,4.98
49135630,8,4.5
49158679,9,4.89
49159524,33,4.76
49160564,142,4.89
49177986,114,4.92
49181980,132,4.7
49183172,8,4.5
49198979,133,4.99
49212474,55,4.91
49213448,12,4.5
49215258,97,4.97
49218287,33,4.76
49230094,46,4.89
49233669,51,4.9
49254491,6,5
49254492,241,4.76
49254493,2,5
49254495,2,5
49256863,12,4.75
49268517,4,5
49273757,11,4.73
49287074,61,4.89
49344554,1,5
49346210,20,5
49359514,4,4.75
49362172,16,4.69
49364931,43,4.79
49371148,18,4.72
49396444,19,5
49400352,1,5
49400577,16,4.69
49423253,55,4.62
49424718,57,4.98
49425315,27,4.44
49425657,16,4.44
49425663,34,4.68
49425664,56,4.79
49446833,54,4.87
49447545,49,4.8
49475805,16,4.63
49480922,9,4.89
49509893,11,5
49516381,1,5
49517470,3,5
49517485,3,4.33
49517759,1,5
49529997,30,4.8
49532596,34,4.79
49540338,3,5
49544329,76,4.54
49544828,49,4.88
49550796,57,4.65
49550853,61,4.57
49564238,33,4.76
49568217,48,4.98
49571052,63,4.79
49588882,31,4.55
49589230,4,4.5
49594740,20,5
49597190,9,4.67
49615874,1,5
49627173,1,5
49632310,12,4.58
49634767,43,4.79
49638218,64,4.78
49656082,35,4.77
49660033,146,4.88
49660212,156,4.78
49666163,1,5
49668140,1,4
49670688,88,4.95
49671193,2,5
49671219,3,5
49675441,73,4.86
49685790,35,4.6
49690180,24,4.92
49691938,15,4.87
49692169,7,4.86
49692835,52,4.83
49703312,3,5
49703961,1,3
49710453,79,4.99
49714076,52,5
49737027,90,4.9
49739157,64,4.84
49760565,12,4.42
49764911,50,4.26
49790764,98,4.85
49792401,94,4.88
49814863,2,5
49837976,11,4.82
49838391,1,5
49846192,88,4.91
49847814,1,5
49854819,67,4.87
49855022,128,4.46
49874574,39,4.79
49887633,5,2.8
49887651,9,4
49900831,14,4.71
49925402,32,5
49929890,93,4.96
49930735,52,4.5
49932041,61,4.97
49942452,28,4.46
49962519,9,5
49979348,62,5
49987980,9,4.44
49995888,16,4.31
49998226,7,5
50011224,22,4.86
50012393,33,4.76
50030333,46,4.8
50034127,11,4.64
50049004,11,4.91
50050445,4,3.75
50063025,1,4
50064134,1,5
50065710,1,5
50067375,55,4.96
50070189,1,4
50070599,3,5
50087956,59,4.98
50092809,130,4.71
50104640,40,4.65
50105281,19,4.79
50111565,106,4.93
50113467,43,4.26
50117482,56,4.55
50118917,35,4.89
50120466,31,4.65
50120508,48,4.77
50120551,43,4.65
50136137,15,4.93
50137065,9,4
50137546,20,4.7
50151261,56,4.95
50154232,37,4.65
50165737,37,4.73
50181024,12,4.5
50187006,54,4.8
50189233,21,4.81
50189968,47,5
50189970,1,1
50194682,46,4.96
50215454,22,4.91
50226281,12,4.83
50242143,44,4.95
50244048,1,5
50245979,11,3.82
50246179,20,4.15
50246213,25,4.6
50246239,25,4.6
50270054,2,4.5
50282392,26,4.85
50285306,110,4.74
50289696,52,4.75
50290563,27,4.67
50303269,7,4.71
50305862,37,4.43
50315318,9,5
50320058,13,5
50327481,6,4.83
50327507,10,4.9
50328220,6,4.67
50329912,78,4.9
50333233,27,4.89
50337835,21,4.67
50337849,37,4.7
50356093,2,4
50356121,62,4.87
50356183,122,4.92
50357674,36,4.83
50359924,1,5
50364056,8,5
50394268,26,4.69
50397883,38,4.95
50402684,40,4.93
50417461,28,4.89
50433453,31,4.94
50437536,2,5
50438579,111,4.98
50440455,3,5
50444775,1,5
50445835,40,4.93
50452783,33,4.97
50459233,31,4.52
50470028,51,4.9
50486989,37,4.89
50498311,54,4.85
50499105,37,4.95
50501236,6,4.33
50505876,6,4.83
50515002,25,4.6
50520639,63,4.9
50525956,10,4.8
50532184,1,5
50532540,1,5
50539118,28,4.86
50541881,35,4.49
50545033,31,4.97
50545992,33,4.76
50549572,22,4.95
50574502,58,4.95
50592554,59,4.61
50593806,37,4.65
50613169,17,4.88
50617993,12,5
50635245,21,4.95
50651642,48,4.94
50655982,64,4.47
50658643,5,4.8
50676685,8,5
50676686,12,4.92
50676691,1,5
50677369,46,4.78
50679919,61,4.9
50682965,40,4.9
50683029,6,4.67
50684244,47,5
50694792,1,5
50695507,17,4.71
50695713,74,4.68
50720386,43,4.72
50733128,2,5
50733800,70,4.87
50746080,103,4.9
50751282,37,4.92
50772751,64,4.92
50778533,52,4.94
50781156,57,4.84
50804612,38,4.26
50828514,6,4.17
50844635,10,4.8
50847232,45,4.96
50849495,4,5
50856741,58,4.91
50870930,1,5
50874395,4,5
50875772,1,5
50875966,2,5
50877560,18,4.94
50878862,47,4.91
50903143,1,5
50920850,25,4.96
50935433,28,5
50941983,4,5
50950236,10,4.9
50951376,3,4.67
50972673,21,4.86
50973274,1,5
50997827,2,5
51000373,65,4.74
51049629,31,4.87
51061718,3,5
51070667,25,4.96
51085180,7,5
51088095,10,4.6
51089903,62,4.55
51092606,28,4.75
51101021,1,5
51101673,18,4.72
51121876,71,4.9
51123061,1,5
51128245,72,5
51134713,5,4.8
51150371,43,4.7
51167738,1,5
51170066,34,4.71
51184324,8,5
51184413,18,4.5
51186392,1,5
51186640,1,4
51187372,1,5
51213047,1,5
51214190,4,5
51236808,10,4.5
51246225,19,5
51265806,1,3
51266044,4,5
51267467,33,4.61
51269176,100,4.93
51280194,7,5
51300055,1,4
51303738,69,4.81
51305557,5,4
51310221,3,5
51323093,3,5
51328356,1,5
51330316,5,5
51349311,3,5
51350499,70,4.79
51350578,38,4.29
51350659,32,4.66
51350772,80,4.61
51350845,20,4.35
51350933,64,4.53
51351025,62,4.48
51351180,28,4.46
51351275,92,4.58
51362341,11,4.82
51364937,5,4.8
51393257,4,4.5
51402226,13,5
51408229,57,5
51426986,20,4.55
51430034,9,4.56
51432804,25,4.84
51434786,24,4.71
51440218,71,4.9
51448042,9,5
51469358,31,4.61
51471279,20,4.55
51480807,1,5
51484185,34,4.68
51487377,1,5
51489662,75,4.92
51507369,8,4.88
51507972,31,4.55
51510888,7,4.57
51517345,38,4.95
51519661,4,5
51532952,5,5
51533138,1,5
51538522,1,5
51542353,64,4.94
51555945,39,4.95
51556406,21,4.71
51565005,34,4.94
51577035,1,5
51583699,37,4.86
51584912,43,4.81
51596844,7,4.86
51599456,24,4.58
51602782,62,4.84
51617269,24,4.25
51625092,13,4.77
51632532,19,4.47
51650632,30,5
51652582,17,4.94
51662043,6,5
51666017,15,4.47
51667347,52,4.87
51684448,21,4.95
51694988,5,4.6
51703759,36,4.97
51717636,1,5
51734603,16,4.75
51754780,21,4.48
51768436,1,4
51773784,36,4.78
51799543,5,5
51802995,11,4.27
51804946,19,4.79
51816428,110,4.9
51818199,10,5
51823848,20,4.55
51830606,3,4.33
51831938,35,4.94
51846038,2,4
51846040,2,4
51847493,7,4.43
51882529,39,4.97
51887022,14,5
51893946,33,4.85
51922422,35,4.69
51923187,30,4.77
51944798,97,4.89
51945600,21,5
51955224,32,4.84
51962614,77,5
51962676,16,4.63
51963661,11,4.64
51975989,37,5
51987458,15,4.73
51987731,20,4.35
51988092,37,4.84
51999241,42,4.93
52001607,14,5
52003587,31,5
52023625,44,4.75
52041391,19,4.68
52056320,2,5
52056321,1,5
52069671,49,4.92
52074773,45,4.89
52093234,66,4.88
52094333,59,4.86
52107089,36,4.92
52109029,23,4.87
52130706,2,5
52140412,12,4.58
52145485,21,4.86
52168441,22,4.14
52182452,1,3
52184484,17,4.71
52188587,2,5
52191819,22,4.91
52201041,1,4
52201387,13,4.69
52239871,35,4.34
52239878,42,4.55
52240404,1,4
52240462,266,4.45
52240980,76,4.49
52242602,132,4.18
52243847,14,4.86
52246295,62,4.84
52254140,2,5
52254673,1,4
52254738,3,5
52255241,4,4.75
52262808,4,3.75
52269279,2,5
52281658,46,4.98
52311335,14,4.86
52311703,17,4.59
52324654,37,4.84
52339597,14,4.86
52349153,18,4.94
52350320,18,4.89
52356204,29,3.9
52365042,67,4.99
52366167,5,5
52366772,3,5
52369035,20,4.65
52379534,45,5
52382433,34,4.91
52382504,27,4.81
52382557,19,4.84
52384704,30,4.97
52390833,2,5
52391269,28,4.71
52404578,26,4.77
52406870,40,4.5
52407058,2,5
52435865,1,5
52436715,7,4.86
52436766,16,4.5
52436834,23,4.91
52436840,12,4.58
52448814,2,5
52452361,40,4.88
52461292,25,4.2
52478887,16,4.31
52484176,13,3.38
52489370,4,3.75
52490903,23,4.87
52491605,1,1
52495655,45,4.71
52496361,15,4.87
52498920,9,5
52507639,45,4.91
52514969,18,4.94
52516874,28,4.75
52527261,8,4.25
52527947,1,5
52529223,13,4.85
52530050,11,4.64
52532199,21,4.95
52532277,25,4.8
52532850,1,5
52533356,24,4.92
52548082,18,4.94
52554748,24,4.67
52562894,11,4.73
52563901,18,5
52583446,82,4.94
52593789,5,5
52598337,3,3.33
52611694,40,4.98
52612711,20,4.85
52615325,2,5
52615864,38,4.82
52629128,8,5
52634960,18,4.22
52636090,61,4.95
52638675,9,5
52652080,2,4
52652509,8,4.5
52658441,19,4.47
52659683,33,4.88
52666764,2,5
52669060,40,4.7
52670106,9,5
52674817,8,5
52683903,86,4.8
52685919,41,4.83
52687216,3,4.67
52687574,1,5
52689391,4,5
52689707,6,4.33
52692511,34,4.97
52700109,6,5
52730828,1,5
52739451,39,4.74
52753789,2,5
52754210,46,4.67
52758721,22,5
52759379,59,4.93
52759796,1,5
52763215,1,5
52776290,62,4.84
52778681,13,5
52790225,21,4.95
52797260,8,5
52802036,79,4.91
52809535,1,5
52812491,20,4.4
52825844,8,5
52844704,27,4.96
52845087,25,4.96
52845562,23,5
52851329,24,4.71
52857483,20,3.8
52875348,49,4.94
52876811,15,4.6
52878311,1,5
52898793,12,4.83
52902542,14,4.79
52912226,17,4.65
52920210,1,5
52935936,3,5
52939714,65,4.82
52949076,24,5
52987235,60,4.95
52991846,39,4.95
52992636,65,5
52994570,27,4.78
53013286,19,4.47
53026689,14,4.64
53041503,30,4.67
53043589,17,4.88
53049766,5,5
53058436,46,4.78
53062687,1,4
53066593,3,5
53067586,14,5
53067932,2,1.5
53075198,41,4.93
53109555,50,4.9
53113172,12,4.42
53142580,31,4.71
53145397,11,4.55
53145578,1,5
53150537,2,5
53154050,45,4.73
53154583,30,4.9
53162532,5,4.2
53166511,20,4.6
53169330,20,5
53172204,21,5
53173190,25,4.84
53173706,14,4.93
53174629,7,4.86
53187754,48,4.92
53190039,46,3.93
53199892,15,4.93
53200076,16,4.81
53200199,2,1.5
53200208,21,4.67
53205272,3,5
53210497,2,5
53212287,9,4.78
53215584,21,4.19
53227047,40,4.93
53236856,1,5
53240521,1,5
53263770,1,5
53268881,1,5
53272583,1,5
53281104,12,4.75
53290703,5,4.8
53294787,7,5
53310452,8,4.75
53315631,30,4.6
53336135,1,4
53339718,7,5
53343084,23,4.91
53343785,8,4.88
53354504,31,4.65
53356279,15,4.8
53362379,4,4.5
53364086,1,2
53377085,11,4.91
53381237,4,4.25
53381350,1,5
53381582,9,4.33
53381911,9,4.44
53382164,6,4.83
53384508,39,4.69
53391418,30,4.47
53398483,11,4.82
53401258,8,4.75
53413141,47,4.94
53415476,72,4.94
53426479,14,4.43
53432731,42,4.74
53437624,12,4.5
53442532,30,4.7
53455610,15,4.93
53456921,22,4.27
53459989,1,5
53463244,45,4.82
53464259,40,4.63
53471089,39,4.67
53471128,46,4.8
53472771,32,4.78
53477382,12,4.83
53477797,14,4.71
53494379,12,4.58
53494834,26,4.77
53506947,2,5
53509854,7,4.86
53539756,6,5
53547548,3,5
53549484,11,4.73
53556450,8,4.75
53557825,29,4.9
53557947,27,4.93
53559268,8,5
53559408,11,4.73
53570414,15,4.4
53580211,1,5
53592119,37,4.84
53593057,14,4.86
53593937,13,4.77
53603351,1,5
53625690,3,4
53630906,1,5
53639195,1,5
53640373,1,5
53645359,41,4.76
53645649,3,5
53645927,107,4.65
53645937,7,4.43
53646363,18,4.28
53646366,4,4.75
53646649,18,4.61
53647113,161,4.79
53647490,33,4.85
53648674,24,5
53650503,45,4.71
53654540,20,4.2
53657060,57,4.86
53659699,24,4.88
53665442,46,4.65
53665558,40,4.83
53665983,3,4.67
53683540,4,4.5
53699244,73,4.9
53702742,4,5
53706076,34,5
53709148,56,4.64
53737653,2,4.5
53739232,29,4.93
53741239,24,4.83
53742666,37,4.7
53756145,25,4.84
53784315,39,4.49
53785240,23,4.74
53795630,20,4.05
53811949,52,4.77
53812671,13,4.23
53834887,60,5
53843317,7,4.86
53843598,15,4.67
53849506,25,4.84
53859200,1,5
53862600,39,4.9
53867818,42,4.71
53870519,9,5
53894843,2,4.5
53895342,30,5
53908710,4,4.5
53913717,10,4.3
53919426,39,4.92
53923567,1,5
53926412,23,4.96
53937890,6,4.67
53938276,20,3.9
53939124,6,4.83
53939227,83,4.46
53939232,52,4.37
53939250,97,4.54
53939398,19,4.53
53939485,16,4.31
53939672,71,4.41
53941334,51,4.78
53950117,18,4.72
53953956,2,5
53955682,4,5
53957479,53,4.94
53958255,51,4.98
53958894,54,4.91
53965435,39,4.79
53978983,3,4
53989278,44,4.18
54002623,11,4.27
54016319,30,4.97
54016628,12,4.83
54035351,14,5
54037971,26,4.54
54038510,18,4.94
54038518,31,4.94
54038522,7,5
54038757,10,4.8
54038804,41,4.8
54038828,24,4.88
54039531,30,4.97
54040793,3,3.67
54041449,3,3.67
54054615,6,4
54069994,46,4.46
54071424,21,4.95
54073582,1,4
54088416,22,5
54089683,10,5
54094540,27,4.96
54103533,17,4.94
54109366,6,3.83
54112711,7,4.57
54112729,2,4.5
54118428,21,5
54120810,18,4.83
54122789,11,4.82
54141223,9,3.67
54143763,3,4.33
54146706,6,4.5
54158528,11,4.82
54162983,20,4.3
54163640,22,5
54182136,38,4.16
54182929,35,4.14
54205841,45,4.96
54215403,26,5
54219623,16,4.94
54228630,22,5
54229496,15,4.93
54230875,30,4.8
54241958,20,4.95
54260157,17,5
54271035,1,3
54274637,28,4.93
54277899,9,5
54279939,62,4.77
54280241,64,4.7
54295605,30,4.87
54296485,53,4.83
54332518,2,5
54337156,9,4.67
54353240,28,4.75
54353344,31,4.9
54353625,48,4.94
54369778,17,4.88
54371154,1,5
54376409,16,4.5
54376826,15,4.87
54389675,2,5
54403166,8,3.25
5.21E+17,15,4.47
5.25E+17,16,4.81
5.30E+17,38,4.92
5.35E+17,48,4.94
5.38E+17,11,4.27
5.40E+17,15,4.87
5.41E+17,6,5
5.44E+17,15,5
5.45E+17,47,4.43
5.47E+17,23,4.96
5.48E+17,38,5
5.49E+17,3,4
5.50E+17,13,4.54
5.51E+17,1,5
5.52E+17,23,5
5.53E+17,17,5
5.54E+17,33,4.82
5.55E+17,16,4.38
5.56E+17,40,4.95
5.57E+17,18,5
5.59E+17,6,4.67
5.60E+17,26,5
5.61E+17,2,5
5.62E+17,5,5
5.63E+17,21,4.81
5.64E+17,13,4.54
5.65E+17,1,5
5.66E+17,2,5
5.67E+17,37,4.78
5.68E+17,28,4.64
5.69E+17,7,5
5.70E+17,7,5
5.71E+17,10,3.8
5.72E+17,31,5
5.73E+17,29,4.83
5.74E+17,1,5
5.75E+17,7,4.43
5.77E+17,20,4.65
5.78E+17,14,4.71
5.79E+17,19,4.05
5.80E+17,1,2
5.81E+17,14,4.93
5.82E+17,17,4.82
5.83E+17,57,5
5.84E+17,16,4.69
5.85E+17,1,5
5.86E+17,23,4.87
5.87E+17,8,4.88
5.88E+17,1,5
5.89E+17,27,4.85
5.90E+17,3,4.67
5.91E+17,61,4.31
5.93E+17,27,4.93
5.94E+17,19,4.89
5.95E+17,30,4.87
5.96E+17,18,4.89
5.97E+17,12,5
5.98E+17,22,4.86
5.99E+17,14,4.86
6.00E+17,30,4.8
6.02E+17,3,5
6.03E+17,30,4.97
6.04E+17,18,4.83
6.05E+17,12,5
6.06E+17,32,5
6.07E+17,4,4.75
6.08E+17,7,4.71
6.09E+17,1,5
6.10E+17,2,5
6.11E+17,6,3.67
6.12E+17,9,4.33
6.13E+17,5,4.6
6.14E+17,2,4.5
6.15E+17,6,5
6.16E+17,2,4.5
6.17E+17,2,5
6.18E+17,12,5
6.19E+17,17,4.88
6.20E+17,8,4
6.21E+17,8,4.88
6.22E+17,1,5
6.23E+17,1,5
6.24E+17,6,4.5
6.25E+17,6,4.83
6.26E+17,22,4.86
6.27E+17,5,5
6.28E+17,1,5
6.29E+17,2,5
6.30E+17,8,5
6.31E+17,7,5
6.32E+17,4,5
6.33E+17,9,4.78
6.34E+17,15,4.87
6.35E+17,15,5
6.36E+17,1,1
6.38E+17,14,4.86
6.39E+17,8,5
6.40E+17,4,4.25
6.41E+17,1,5
6.42E+17,3,4.67
6.43E+17,11,4.91
6.44E+17,3,4.67
6.45E+17,16,4.88
6.46E+17,23,4.65
6.47E+17,11,4.91
6.48E+17,9,5
6.49E+17,7,5
6.50E+17,1,5
6.51E+17,1,5
6.52E+17,4,4.75
6.53E+17,1,5
6.54E+17,8,4.38
6.55E+17,3,5
6.56E+17,1,5
6.57E+17,1,5
6.58E+17,9,4.67
6.59E+17,10,4.8
6.60E+17,16,5
6.61E+17,1,3
6.62E+17,6,4.83
6.63E+17,11,5
6.64E+17,6,5
6.65E+17,6,4.5
6.66E+17,6,5
6.67E+17,11,4.82
6.68E+17,3,4.33
6.69E+17,3,5
6.70E+17,5,5
6.71E+17,1,5
6.72E+17,3,5
6.73E+17,4,5
6.74E+17,2,4
6.75E+17,5,4.4
6.76E+17,7,5
6.77E+17,2,5
6.78E+17,1,5
6.79E+17,2,4.5
6.80E+17,4,5
6.81E+17,7,4.57
6.83E+17,4,5
6.84E+17,5,4.2
6.85E+17,10,5
6.86E+17,10,4.9
6.87E+17,2,5
6.88E+17,3,5
6.89E+17,2,4.5
6.90E+17,12,4.83
6.91E+17,18,4.5
6.92E+17,1,5
6.93E+17,2,4.5
6.95E+17,1,4
6.96E+17,1,5
6.97E+17,1,1
6.98E+17,1,5
6.99E+17,2,4.5
7.00E+17,1,5
7.04E+17,2,2.5
7.05E+17,2,3
7.09E+17,1,5
7.10E+17,1,5
